============================= test session starts ==============================
platform linux -- Python 3.12.3, pytest-9.1.1, pluggy-1.6.0
rootdir: /tmp/dc12r1-v2-worktree/backend
configfile: pytest.ini (WARNING: ignoring pytest config in pyproject.toml!)
plugins: hypothesis-6.165.10, reverse-1.9.0, asyncio-1.4.0, anyio-4.12.1
asyncio: mode=Mode.AUTO, debug=False, asyncio_default_fixture_loop_scope=session, asyncio_default_test_loop_scope=session
collected 3784 items

tests/api/test_wholesaler.py ....                                        [  0%]
tests/b6_hardening/test_b6_global_tenant_filter.py ......                [  0%]
tests/b6_hardening/test_b6_payment_atomicity.py .                        [  0%]
tests/b6_hardening/test_b6_payments_api.py ....                          [  0%]
tests/business/test_financial_loop.py ...                                [  0%]
tests/business/test_s4_order_fulfillment_inventory_invariants.py ......  [  0%]
tests/business/test_s4b_inventory_reversal_invariants.py .........       [  0%]
tests/business/test_s4c_concurrent_fulfillment_oversell_invariants.py .. [  0%]
...                                                                      [  1%]
tests/business/test_s4d_inventory_movement_ledger_integrity.py ......... [  1%]
                                                                         [  1%]
tests/business/test_s4e_reservation_schema_contract.py ...               [  1%]
tests/business/test_s4e_stock_reservation_lifecycle_audit.py ........... [  1%]
.                                                                        [  1%]
tests/business/test_s4f_business_invariant_closeout.py ........          [  1%]
tests/security/test_exploit_guardrail.py ...                             [  1%]
tests/security/test_jwt_boundaries.py ...........                        [  2%]
tests/test_alembic_migrations.py sss....                                 [  2%]
tests/test_auth_bypass.py .....                                          [  2%]
tests/test_auth_regressions.py ..                                        [  2%]
tests/test_b5_real_db.py ....                                            [  2%]
tests/test_crud_scoped.py ..                                             [  2%]
tests/test_dc10e_export_worker_tenant_context.py ........                [  2%]
tests/test_dc10f_payment_method_integrity.py ....                        [  3%]
tests/test_dc10f_r1_payment_method_migration.py ........................ [  3%]
                                                                         [  3%]
tests/test_dc10g_platform_uuid_export_error_hardening.py ........        [  3%]
tests/test_dc10k_finance_receivables_runtime.py ..                       [  3%]
tests/test_dc10l_order_status_enum_reconciliation.py ........            [  4%]
tests/test_dc11d_payment_replay_concurrency_integrity.py ..........      [  4%]
tests/test_dc11p0_platform_operator_identity_contract.py ............... [  4%]
.                                                                        [  4%]
tests/test_dc11p1_platform_operator_schema.py .......................... [  5%]
..........                                                               [  5%]
tests/test_dc11t2_async_test_utils.py ..............FFFFFF.......        [  6%]
tests/test_dc11t4c_reporting_bootstrap_contract.py F...                  [  6%]
tests/test_dc11t4h_receivable_collection_integrity.py .......ssssss      [  6%]
tests/test_dc12a_r2_credential_email_links.py ..............             [  7%]
tests/test_dc12a_r3_orchestration_link_regression.py ...                 [  7%]
tests/test_dc12r1_contract_d_r5_node_csv.py .....                        [  7%]
tests/test_dc12r1_contract_d_r7_gen_fail_closed.py .......               [  7%]
tests/test_dc12r1_contract_d_statement_print.py ........................ [  8%]
....................................................                     [  9%]
tests/test_dc12r1_h2_structured_http_error_contract.py ................. [ 10%]
...........................                                              [ 10%]
tests/test_dc12r1_h4_event_loop_pool_isolation.py .......                [ 11%]
tests/test_dc12r1_h5_prepared_statement_cache_isolation.py .....         [ 11%]
tests/test_dc12r1_h7_bcrypt_manifest_parity.py ......................... [ 11%]
........................................................................ [ 13%]
........................................................................ [ 15%]
.......                                                                  [ 15%]
tests/test_dc12r1_h7_setup_preflight.py ................................ [ 16%]
........................................................................ [ 18%]
........................................                                 [ 19%]
tests/test_dc12r1_j1_h2_b_r3_r1_user_role_assignment_async_serialization.py . [ 19%]
........                                                                 [ 19%]
tests/test_dc12r1_j1_h2a_cross_tenant_invitation_binding.py ....         [ 20%]
tests/test_dc12r1_j1_h2a_r1_dual_entry_self_join.py ...................  [ 20%]
tests/test_dc12r1_j1_h2b_forgot_password_runtime_closure.py ............ [ 20%]
                                                                         [ 20%]
tests/test_dc12r1_j1_h2c_retailer_recovery_discovery.py ...........      [ 21%]
tests/test_dc12r1_s1_h1_verification_token_terminal_state.py ......      [ 21%]
tests/test_dc12r1_s1_r1_corrections.py ........                          [ 21%]
tests/test_dc12r1_s1_r2_strict_mapping.py ....                           [ 21%]
tests/test_dc12r1_s1_r3_migration_contract.py ...........                [ 21%]
tests/test_dc12r1_s1_r4_exact_catalog.py ........                        [ 22%]
tests/test_dc12r1_s1_r5_migration_preflight_exact_catalog.py ........... [ 22%]
.............................F                                           [ 23%]
tests/test_dc12r1_s1_r5a_permission_registry_parity.py ....              [ 23%]
tests/test_dc12r1_s1_retailer_identity.py ..............                 [ 23%]
tests/test_dc12r1_s2_supplier_scoped_retailer_login.py ................. [ 24%]
.................................                                        [ 25%]
tests/test_dc12r1_s3_s1_catalog_order_hardening.py ..................... [ 25%]
......................                                                   [ 26%]
tests/test_dc12r1_s3_s2_read_only_retailer_finance.py .......            [ 26%]
tests/test_dc12r1_s3_s2b_i1_financial_schema_foundation.py ............. [ 26%]
.......................                                                  [ 27%]
tests/test_dc12r1_s3_s2b_i1_r3_migration_preflight.py ..............     [ 27%]
tests/test_dc12r1_s3_s2b_i1_r4_r1_real_alembic_upgrade.py EEEEEEEEEEEEEE [ 28%]
EEEEEEEEEEEEEEE                                                          [ 28%]
tests/test_dc12r1_s3_s2b_i2a_canonical_payment_service.py .............. [ 28%]
....                                                                     [ 28%]
tests/test_dc12r1_s3_s2b_i2b_payment_declarations.py ................... [ 29%]
.......................                                                  [ 29%]
tests/test_dc12r1_s3_s2b_i2c_i1_printable_records.py ................... [ 30%]
.................                                                        [ 30%]
tests/test_dc1e_validation_error_serialization.py ..                     [ 30%]
tests/test_dc1g_retailer_registration_binding_balance.py ..              [ 31%]
tests/test_dc2h_production_smtp_compose_wiring.py ...                    [ 31%]
tests/test_dc2m2_legacy_tenant_reconciliation_forward_migration.py ..... [ 31%]
......                                                                   [ 31%]
tests/test_dc3b_credential_recovery_backend.py ................          [ 31%]
tests/test_dc5a_login_email_normalization.py .                           [ 31%]
tests/test_finance_receivables_api.py .......................            [ 32%]
tests/test_global_tenant_filter.py ......                                [ 32%]
tests/test_health.py ........                                            [ 32%]
tests/test_idempotency.py ............                                   [ 33%]
tests/test_jwt_utils.py ........                                         [ 33%]
tests/test_models_structure.py ........                                  [ 33%]
tests/test_order_creation.py .                                           [ 33%]
tests/test_orders_api.py ..........                                      [ 33%]
tests/test_p25ed_platform_system_db_context.py ..........                [ 34%]
tests/test_password_utils.py ....                                        [ 34%]
tests/test_payment_atomicity.py ..                                       [ 34%]
tests/test_payments_api.py ....                                          [ 34%]
tests/test_payments_schema_contract.py ........ssssss.............ssssss [ 35%]
sssssss                                                                  [ 35%]
tests/test_phase3_pricing.py ................                            [ 35%]
tests/test_phase4_pricing_safe_orders.py ..................              [ 36%]
tests/test_phase5_order_payment.py ..............................x...... [ 37%]
.................                                                        [ 37%]
tests/test_platform_audit.py ..................                          [ 38%]
tests/test_platform_audit_api.py ....................................... [ 39%]
....                                                                     [ 39%]
tests/test_platform_p0.py .............                                  [ 39%]
tests/test_platform_p10_contracts.py ................................... [ 40%]
........................................................................ [ 42%]
..................................................................       [ 44%]
tests/test_platform_p11c0_legacy_guard.py ........................       [ 44%]
tests/test_platform_p12_support_console.py ............................. [ 45%]
.................................                                        [ 46%]
tests/test_platform_p13_operations_cockpit.py .......................... [ 47%]
......................................                                   [ 48%]
tests/test_platform_p15_incident_triage.py ............................. [ 49%]
..                                                                       [ 49%]
tests/test_platform_p17_registry.py .................................... [ 50%]
......................                                                   [ 50%]
tests/test_platform_p17dc_backup_migration.py sssssssss                  [ 50%]
tests/test_platform_p17dc_backup_models.py ..............                [ 51%]
tests/test_platform_p17dc_backup_registry_read.py ...................... [ 51%]
....                                                                     [ 51%]
tests/test_platform_p18_controlled_actions.py .......................... [ 52%]
..........................                                               [ 53%]
tests/test_platform_p18d_real_registry.py ............                   [ 53%]
tests/test_platform_p19_approval_workflow.py ........................... [ 54%]
................                                                         [ 54%]
tests/test_platform_p20_durable_approval_governance.py ................. [ 55%]
......................................................                   [ 56%]
tests/test_platform_p21_durable_approval_adapter_implementation.py ..... [ 56%]
..................                                                       [ 57%]
tests/test_platform_p21_durable_approval_adapter_skeleton.py ........... [ 57%]
.....................                                                    [ 58%]
tests/test_platform_p21_durable_approval_migration.py ssssss             [ 58%]
tests/test_platform_p21_durable_approval_models.py ..................... [ 58%]
.....                                                                    [ 58%]
tests/test_platform_p21_durable_approval_schema.py sssssssssssssssssssss [ 59%]
ssssssssss                                                               [ 59%]
tests/test_platform_p21dd_runtime_storage_cutover_gate.py .............. [ 60%]
......................                                                   [ 60%]
tests/test_platform_p21e_durable_approval_runtime_closeout.py ........   [ 60%]
tests/test_platform_p22_controlled_execution.py ........................ [ 61%]
.....................................                                    [ 62%]
tests/test_platform_p22e1_runtime_governed_adapter_seam.py ............. [ 62%]
................                                                         [ 63%]
tests/test_platform_p22e3_backup_check_source_probe.py ................. [ 63%]
...........                                                              [ 64%]
tests/test_platform_p22g_governed_backup_check.py ...................... [ 64%]
....                                                                     [ 64%]
tests/test_platform_p23_operator_task_queue.py ......................... [ 65%]
.................                                                        [ 65%]
tests/test_platform_p23_source_materialization.py ...................... [ 66%]
....................                                                     [ 66%]
tests/test_platform_p24_incident_runbook_closeout.py ................... [ 67%]
.....................                                                    [ 67%]
tests/test_platform_p25eb_durable_approval_resolver_integration.py ..... [ 68%]
.....                                                                    [ 68%]
tests/test_platform_stats_api.py .............                           [ 68%]
tests/test_pw1r3_rate_limit_context.py .......                           [ 68%]
tests/test_pw1r4_cross_tenant_statement_cache.py .........               [ 69%]
tests/test_pw1r4b4_retailer_permission_context.py .....                  [ 69%]
tests/test_r4_middleware_tenant_context_contract.py ...                  [ 69%]
tests/test_rbac_enforcement.py .......................                   [ 69%]
tests/test_receivables_service.py ...............                        [ 70%]
tests/test_reliability.py ....................                           [ 70%]
tests/test_request_validation.py ...xxxxxx                               [ 71%]
tests/test_route_authorization_policy.py ............................... [ 71%]
....                                                                     [ 71%]
tests/test_route_coverage.py sx.xxss                                     [ 72%]
tests/test_s3_profiling.py .........ss.........                          [ 72%]
tests/test_s3a_fresh_tenant_runtime_smoke.py .............               [ 72%]
tests/test_s3b_fresh_tenant_live_runtime_proof.py ...sssssssssssssssssss [ 73%]
                                                                         [ 73%]
tests/test_s3b_simple.py .                                               [ 73%]
tests/test_s3c_cache.py ..........                                       [ 73%]
tests/test_s3c_integration.py ......                                     [ 74%]
tests/test_s3c_self_contained_fresh_tenant_live_proof.py ............... [ 74%]
..                                                                       [ 74%]
tests/test_s4_jobs_local.py ...........                                  [ 74%]
tests/test_s4_jobs_persistence.py .....                                  [ 74%]
tests/test_s4g_migration_infrastructure_hardening.py FFFFF               [ 75%]
tests/test_s5_5_ledger_hardening.py ...........                          [ 75%]
tests/test_s5_ledger.py ...............                                  [ 75%]
tests/test_s5_order_state_machine.py ...............                     [ 76%]
tests/test_s5a_fresh_tenant_real_user_journey_gate.py ...                [ 76%]
tests/test_s5c_runtime_sku_import_http_integration.py ss                 [ 76%]
tests/test_s5d4b_settled_cash_payment.py ............                    [ 76%]
tests/test_s5d5_payment_ledger_runtime_invariant.py .....                [ 76%]
tests/test_s5d6_multi_partial_payment_state_machine.py ..                [ 76%]
tests/test_s6_2_materialized_views.py .....                              [ 76%]
tests/test_s6_3_dashboard_api.py ...........................             [ 77%]
tests/test_s6_4_async_exports.py ......................................  [ 78%]
tests/test_s6_p_reporting_constraints.py ........                        [ 78%]
tests/test_s6b_payment_write_path_unification.py .                       [ 78%]
tests/test_s6c_reset_staging_current_head_gate.py ....                   [ 78%]
tests/test_s6e_rbac_permission_registry_drift_gate.py ......             [ 79%]
tests/test_s7_1_policy.py .............................................. [ 80%]
.........                                                                [ 80%]
tests/test_s7_2_enforcement.py ......................................    [ 81%]
tests/test_s7_4_t3_resolver_api.py ....................................  [ 82%]
tests/test_s7_4_tenant_assets.py ....................................... [ 83%]
...............                                                          [ 83%]
tests/test_s7_5_headless_usage.py ...................................... [ 84%]
....                                                                     [ 85%]
tests/test_schema_security.py ......                                     [ 85%]
tests/test_search_path.py .                                              [ 85%]
tests/test_security_privacy.py .................                         [ 85%]
tests/test_security_s2_5.py ..............................               [ 86%]
tests/test_tenant_isolation.py ....                                      [ 86%]
tests/test_test_mode_auth_bypass.py .                                    [ 86%]
tests/test_token_properties.py .....                                     [ 86%]
tests/test_u1_bootstrap_permission_completeness.py .........             [ 86%]
tests/test_u1r1_bootstrap_completeness.py .................xxxxx...      [ 87%]
tests/test_u3b1_contract_foundation.py ...........................       [ 88%]
tests/test_u3b2_live_db_import_preview_validate.py ..............        [ 88%]
tests/test_u3b2_preview_validate.py .................................... [ 89%]
.................................                                        [ 90%]
tests/test_u3c_import_apply.py ................................          [ 91%]
tests/test_u3c_live_db_apply.py ........                                 [ 91%]
tests/test_u3e_e2e_hardening.py ..........................               [ 92%]
tests/test_u4c_intake_api_contract.py ............                       [ 92%]
tests/test_u4c_intake_backend_schema.py ......                           [ 92%]
tests/test_u4d_intake_parser_preview.py ...............                  [ 93%]
tests/test_u4ib1_intake_apply_audit_schema.py ....                       [ 93%]
tests/test_u4ib2_intake_apply_service.py .............                   [ 93%]
tests/test_u6b_tenant_onboarding_schema.py ...........                   [ 93%]
tests/test_u6c_signup_email_verification_skeleton.py ................    [ 94%]
tests/test_u6d_verify_email_endpoint.py ........                         [ 94%]
tests/test_u6e0_onboarding_status_token_schema.py ........               [ 94%]
tests/test_u6e_onboarding_status_endpoint.py .............               [ 95%]
tests/test_u6f_onboarding_auth_chain_closeout.py .......                 [ 95%]
tests/test_u6g_tenant_provisioning_contract.py .......                   [ 95%]
tests/test_u6h0_tenant_provisioning_schema_gap_decision.py ............. [ 95%]
.....                                                                    [ 95%]
tests/test_u6h1_tenant_provisioning_service_skeleton.py ..........       [ 96%]
tests/test_u6h2_tenant_provisioning_wholesaler_schema.py ..............  [ 96%]
tests/test_u6h3_tenant_provisioning_reconcile_cleanup.py ........        [ 96%]
tests/test_u6i0_owner_credential_setup_contract.py .........             [ 97%]
tests/test_u6i1_owner_credential_setup_schema.py ......                  [ 97%]
tests/test_u6i2_owner_credential_setup_token_issue.py ...............    [ 97%]
tests/test_u6i3_owner_credential_setup_consume.py ............           [ 97%]
tests/test_u6i4_first_admin_rbac_creation.py .........                   [ 98%]
tests/test_u6i5_owner_credential_setup_endpoint.py .............         [ 98%]
tests/test_u6i6_onboarding_e2e_closeout.py .                             [ 98%]
tests/test_u6k_production_smtp_email_delivery.py .....                   [ 98%]
tests/test_u6l_email_verified_onboarding_orchestration.py .......        [ 98%]
tests/test_users_roles_api.py .......................                    [ 99%]
tests/test_uuid_serialization.py .....                                   [ 99%]
tests/test_v019_camel_adapter.py .................                       [100%]

==================================== ERRORS ====================================
_ ERROR at setup of TestRealAlembicUpgradeFailClosed.test_missing_payments_table_fails _
E   AssertionError: MPANGO_ALLOW_TEMP_DB_CREATE=1 required for real Alembic evidence tests
    assert None == '1'
     +  where None = get('MPANGO_ALLOW_TEMP_DB_CREATE')
     +    where get = environ({'SHELL': '/bin/bash', 'WINDOWID': '0', 'QT_ACCESSIBILITY': '1', 'COLORTERM': 'truecolor', 'XDG_CONFIG_DIRS': ...s3_s2b_i1_r4_r1_real_alembic_upgrade.py::TestRealAlembicUpgradeFailClosed::test_missing_payments_table_fails (setup)'}).get
     +      where environ({'SHELL': '/bin/bash', 'WINDOWID': '0', 'QT_ACCESSIBILITY': '1', 'COLORTERM': 'truecolor', 'XDG_CONFIG_DIRS': ...s3_s2b_i1_r4_r1_real_alembic_upgrade.py::TestRealAlembicUpgradeFailClosed::test_missing_payments_table_fails (setup)'}) = os.environ
_ ERROR at setup of TestRealAlembicUpgradeFailClosed.test_unbounded_transaction_id_rejected _
E   AssertionError: MPANGO_ALLOW_TEMP_DB_CREATE=1 required for real Alembic evidence tests
    assert None == '1'
     +  where None = get('MPANGO_ALLOW_TEMP_DB_CREATE')
     +    where get = environ({'SHELL': '/bin/bash', 'WINDOWID': '0', 'QT_ACCESSIBILITY': '1', 'COLORTERM': 'truecolor', 'XDG_CONFIG_DIRS': ...b_i1_r4_r1_real_alembic_upgrade.py::TestRealAlembicUpgradeFailClosed::test_unbounded_transaction_id_rejected (setup)'}).get
     +      where environ({'SHELL': '/bin/bash', 'WINDOWID': '0', 'QT_ACCESSIBILITY': '1', 'COLORTERM': 'truecolor', 'XDG_CONFIG_DIRS': ...b_i1_r4_r1_real_alembic_upgrade.py::TestRealAlembicUpgradeFailClosed::test_unbounded_transaction_id_rejected (setup)'}) = os.environ
_ ERROR at setup of TestRealAlembicUpgradeFailClosed.test_permission_collision_fails_upgrade _
E   AssertionError: MPANGO_ALLOW_TEMP_DB_CREATE=1 required for real Alembic evidence tests
    assert None == '1'
     +  where None = get('MPANGO_ALLOW_TEMP_DB_CREATE')
     +    where get = environ({'SHELL': '/bin/bash', 'WINDOWID': '0', 'QT_ACCESSIBILITY': '1', 'COLORTERM': 'truecolor', 'XDG_CONFIG_DIRS': ..._i1_r4_r1_real_alembic_upgrade.py::TestRealAlembicUpgradeFailClosed::test_permission_collision_fails_upgrade (setup)'}).get
     +      where environ({'SHELL': '/bin/bash', 'WINDOWID': '0', 'QT_ACCESSIBILITY': '1', 'COLORTERM': 'truecolor', 'XDG_CONFIG_DIRS': ..._i1_r4_r1_real_alembic_upgrade.py::TestRealAlembicUpgradeFailClosed::test_permission_collision_fails_upgrade (setup)'}) = os.environ
_ ERROR at setup of TestRealAlembicUpgradeFailClosed.test_receipt_sequences_extra_column_rejected _
E   AssertionError: MPANGO_ALLOW_TEMP_DB_CREATE=1 required for real Alembic evidence tests
    assert None == '1'
     +  where None = get('MPANGO_ALLOW_TEMP_DB_CREATE')
     +    where get = environ({'SHELL': '/bin/bash', 'WINDOWID': '0', 'QT_ACCESSIBILITY': '1', 'COLORTERM': 'truecolor', 'XDG_CONFIG_DIRS': ...4_r1_real_alembic_upgrade.py::TestRealAlembicUpgradeFailClosed::test_receipt_sequences_extra_column_rejected (setup)'}).get
     +      where environ({'SHELL': '/bin/bash', 'WINDOWID': '0', 'QT_ACCESSIBILITY': '1', 'COLORTERM': 'truecolor', 'XDG_CONFIG_DIRS': ...4_r1_real_alembic_upgrade.py::TestRealAlembicUpgradeFailClosed::test_receipt_sequences_extra_column_rejected (setup)'}) = os.environ
_ ERROR at setup of TestRealAlembicUpgradeFailClosed.test_check_or_true_weakening_rejected _
E   AssertionError: MPANGO_ALLOW_TEMP_DB_CREATE=1 required for real Alembic evidence tests
    assert None == '1'
     +  where None = get('MPANGO_ALLOW_TEMP_DB_CREATE')
     +    where get = environ({'SHELL': '/bin/bash', 'WINDOWID': '0', 'QT_ACCESSIBILITY': '1', 'COLORTERM': 'truecolor', 'XDG_CONFIG_DIRS': ...2b_i1_r4_r1_real_alembic_upgrade.py::TestRealAlembicUpgradeFailClosed::test_check_or_true_weakening_rejected (setup)'}).get
     +      where environ({'SHELL': '/bin/bash', 'WINDOWID': '0', 'QT_ACCESSIBILITY': '1', 'COLORTERM': 'truecolor', 'XDG_CONFIG_DIRS': ...2b_i1_r4_r1_real_alembic_upgrade.py::TestRealAlembicUpgradeFailClosed::test_check_or_true_weakening_rejected (setup)'}) = os.environ
_ ERROR at setup of TestRealAlembicUpgradeFailClosed.test_fk_cascade_rejected __
E   AssertionError: MPANGO_ALLOW_TEMP_DB_CREATE=1 required for real Alembic evidence tests
    assert None == '1'
     +  where None = get('MPANGO_ALLOW_TEMP_DB_CREATE')
     +    where get = environ({'SHELL': '/bin/bash', 'WINDOWID': '0', 'QT_ACCESSIBILITY': '1', 'COLORTERM': 'truecolor', 'XDG_CONFIG_DIRS': ...t_dc12r1_s3_s2b_i1_r4_r1_real_alembic_upgrade.py::TestRealAlembicUpgradeFailClosed::test_fk_cascade_rejected (setup)'}).get
     +      where environ({'SHELL': '/bin/bash', 'WINDOWID': '0', 'QT_ACCESSIBILITY': '1', 'COLORTERM': 'truecolor', 'XDG_CONFIG_DIRS': ...t_dc12r1_s3_s2b_i1_r4_r1_real_alembic_upgrade.py::TestRealAlembicUpgradeFailClosed::test_fk_cascade_rejected (setup)'}) = os.environ
_ ERROR at setup of TestRealAlembicUpgradeFailClosed.test_wrong_index_keys_rejected _
E   AssertionError: MPANGO_ALLOW_TEMP_DB_CREATE=1 required for real Alembic evidence tests
    assert None == '1'
     +  where None = get('MPANGO_ALLOW_TEMP_DB_CREATE')
     +    where get = environ({'SHELL': '/bin/bash', 'WINDOWID': '0', 'QT_ACCESSIBILITY': '1', 'COLORTERM': 'truecolor', 'XDG_CONFIG_DIRS': ...r1_s3_s2b_i1_r4_r1_real_alembic_upgrade.py::TestRealAlembicUpgradeFailClosed::test_wrong_index_keys_rejected (setup)'}).get
     +      where environ({'SHELL': '/bin/bash', 'WINDOWID': '0', 'QT_ACCESSIBILITY': '1', 'COLORTERM': 'truecolor', 'XDG_CONFIG_DIRS': ...r1_s3_s2b_i1_r4_r1_real_alembic_upgrade.py::TestRealAlembicUpgradeFailClosed::test_wrong_index_keys_rejected (setup)'}) = os.environ
_ ERROR at setup of TestRealAlembicUpgradeFailClosed.test_amount_ge_zero_weakening_rejected _
E   AssertionError: MPANGO_ALLOW_TEMP_DB_CREATE=1 required for real Alembic evidence tests
    assert None == '1'
     +  where None = get('MPANGO_ALLOW_TEMP_DB_CREATE')
     +    where get = environ({'SHELL': '/bin/bash', 'WINDOWID': '0', 'QT_ACCESSIBILITY': '1', 'COLORTERM': 'truecolor', 'XDG_CONFIG_DIRS': ...b_i1_r4_r1_real_alembic_upgrade.py::TestRealAlembicUpgradeFailClosed::test_amount_ge_zero_weakening_rejected (setup)'}).get
     +      where environ({'SHELL': '/bin/bash', 'WINDOWID': '0', 'QT_ACCESSIBILITY': '1', 'COLORTERM': 'truecolor', 'XDG_CONFIG_DIRS': ...b_i1_r4_r1_real_alembic_upgrade.py::TestRealAlembicUpgradeFailClosed::test_amount_ge_zero_weakening_rejected (setup)'}) = os.environ
_ ERROR at setup of TestRealAlembicUpgradeFailClosed.test_status_missing_default_rejected _
E   AssertionError: MPANGO_ALLOW_TEMP_DB_CREATE=1 required for real Alembic evidence tests
    assert None == '1'
     +  where None = get('MPANGO_ALLOW_TEMP_DB_CREATE')
     +    where get = environ({'SHELL': '/bin/bash', 'WINDOWID': '0', 'QT_ACCESSIBILITY': '1', 'COLORTERM': 'truecolor', 'XDG_CONFIG_DIRS': ...s2b_i1_r4_r1_real_alembic_upgrade.py::TestRealAlembicUpgradeFailClosed::test_status_missing_default_rejected (setup)'}).get
     +      where environ({'SHELL': '/bin/bash', 'WINDOWID': '0', 'QT_ACCESSIBILITY': '1', 'COLORTERM': 'truecolor', 'XDG_CONFIG_DIRS': ...s2b_i1_r4_r1_real_alembic_upgrade.py::TestRealAlembicUpgradeFailClosed::test_status_missing_default_rejected (setup)'}) = os.environ
_ ERROR at setup of TestRealAlembicUpgradeFailClosed.test_next_seq_wrong_default_rejected _
E   AssertionError: MPANGO_ALLOW_TEMP_DB_CREATE=1 required for real Alembic evidence tests
    assert None == '1'
     +  where None = get('MPANGO_ALLOW_TEMP_DB_CREATE')
     +    where get = environ({'SHELL': '/bin/bash', 'WINDOWID': '0', 'QT_ACCESSIBILITY': '1', 'COLORTERM': 'truecolor', 'XDG_CONFIG_DIRS': ...s2b_i1_r4_r1_real_alembic_upgrade.py::TestRealAlembicUpgradeFailClosed::test_next_seq_wrong_default_rejected (setup)'}).get
     +      where environ({'SHELL': '/bin/bash', 'WINDOWID': '0', 'QT_ACCESSIBILITY': '1', 'COLORTERM': 'truecolor', 'XDG_CONFIG_DIRS': ...s2b_i1_r4_r1_real_alembic_upgrade.py::TestRealAlembicUpgradeFailClosed::test_next_seq_wrong_default_rejected (setup)'}) = os.environ
_ ERROR at setup of TestRealAlembicUpgradeFailClosed.test_check_wrong_column_identity_rejected _
E   AssertionError: MPANGO_ALLOW_TEMP_DB_CREATE=1 required for real Alembic evidence tests
    assert None == '1'
     +  where None = get('MPANGO_ALLOW_TEMP_DB_CREATE')
     +    where get = environ({'SHELL': '/bin/bash', 'WINDOWID': '0', 'QT_ACCESSIBILITY': '1', 'COLORTERM': 'truecolor', 'XDG_CONFIG_DIRS': ...1_r4_r1_real_alembic_upgrade.py::TestRealAlembicUpgradeFailClosed::test_check_wrong_column_identity_rejected (setup)'}).get
     +      where environ({'SHELL': '/bin/bash', 'WINDOWID': '0', 'QT_ACCESSIBILITY': '1', 'COLORTERM': 'truecolor', 'XDG_CONFIG_DIRS': ...1_r4_r1_real_alembic_upgrade.py::TestRealAlembicUpgradeFailClosed::test_check_wrong_column_identity_rejected (setup)'}) = os.environ
_ ERROR at setup of TestRealAlembicUpgradeFailClosed.test_status_not_equal_chain_rejected _
E   AssertionError: MPANGO_ALLOW_TEMP_DB_CREATE=1 required for real Alembic evidence tests
    assert None == '1'
     +  where None = get('MPANGO_ALLOW_TEMP_DB_CREATE')
     +    where get = environ({'SHELL': '/bin/bash', 'WINDOWID': '0', 'QT_ACCESSIBILITY': '1', 'COLORTERM': 'truecolor', 'XDG_CONFIG_DIRS': ...s2b_i1_r4_r1_real_alembic_upgrade.py::TestRealAlembicUpgradeFailClosed::test_status_not_equal_chain_rejected (setup)'}).get
     +      where environ({'SHELL': '/bin/bash', 'WINDOWID': '0', 'QT_ACCESSIBILITY': '1', 'COLORTERM': 'truecolor', 'XDG_CONFIG_DIRS': ...s2b_i1_r4_r1_real_alembic_upgrade.py::TestRealAlembicUpgradeFailClosed::test_status_not_equal_chain_rejected (setup)'}) = os.environ
_ ERROR at setup of TestRealAlembicUpgradeFailClosed.test_status_or_1_equals_1_weakening_rejected _
E   AssertionError: MPANGO_ALLOW_TEMP_DB_CREATE=1 required for real Alembic evidence tests
    assert None == '1'
     +  where None = get('MPANGO_ALLOW_TEMP_DB_CREATE')
     +    where get = environ({'SHELL': '/bin/bash', 'WINDOWID': '0', 'QT_ACCESSIBILITY': '1', 'COLORTERM': 'truecolor', 'XDG_CONFIG_DIRS': ...4_r1_real_alembic_upgrade.py::TestRealAlembicUpgradeFailClosed::test_status_or_1_equals_1_weakening_rejected (setup)'}).get
     +      where environ({'SHELL': '/bin/bash', 'WINDOWID': '0', 'QT_ACCESSIBILITY': '1', 'COLORTERM': 'truecolor', 'XDG_CONFIG_DIRS': ...4_r1_real_alembic_upgrade.py::TestRealAlembicUpgradeFailClosed::test_status_or_1_equals_1_weakening_rejected (setup)'}) = os.environ
_ ERROR at setup of TestRealAlembicUpgradeFailClosed.test_amount_or_1_equals_1_weakening_rejected _
E   AssertionError: MPANGO_ALLOW_TEMP_DB_CREATE=1 required for real Alembic evidence tests
    assert None == '1'
     +  where None = get('MPANGO_ALLOW_TEMP_DB_CREATE')
     +    where get = environ({'SHELL': '/bin/bash', 'WINDOWID': '0', 'QT_ACCESSIBILITY': '1', 'COLORTERM': 'truecolor', 'XDG_CONFIG_DIRS': ...4_r1_real_alembic_upgrade.py::TestRealAlembicUpgradeFailClosed::test_amount_or_1_equals_1_weakening_rejected (setup)'}).get
     +      where environ({'SHELL': '/bin/bash', 'WINDOWID': '0', 'QT_ACCESSIBILITY': '1', 'COLORTERM': 'truecolor', 'XDG_CONFIG_DIRS': ...4_r1_real_alembic_upgrade.py::TestRealAlembicUpgradeFailClosed::test_amount_or_1_equals_1_weakening_rejected (setup)'}) = os.environ
_ ERROR at setup of TestRealAlembicUpgradeFailClosed.test_status_default_trailing_space_rejected _
E   AssertionError: MPANGO_ALLOW_TEMP_DB_CREATE=1 required for real Alembic evidence tests
    assert None == '1'
     +  where None = get('MPANGO_ALLOW_TEMP_DB_CREATE')
     +    where get = environ({'SHELL': '/bin/bash', 'WINDOWID': '0', 'QT_ACCESSIBILITY': '1', 'COLORTERM': 'truecolor', 'XDG_CONFIG_DIRS': ...r4_r1_real_alembic_upgrade.py::TestRealAlembicUpgradeFailClosed::test_status_default_trailing_space_rejected (setup)'}).get
     +      where environ({'SHELL': '/bin/bash', 'WINDOWID': '0', 'QT_ACCESSIBILITY': '1', 'COLORTERM': 'truecolor', 'XDG_CONFIG_DIRS': ...r4_r1_real_alembic_upgrade.py::TestRealAlembicUpgradeFailClosed::test_status_default_trailing_space_rejected (setup)'}) = os.environ
_ ERROR at setup of TestRealAlembicUpgradeFailClosed.test_receipt_index_wrong_key_rejected _
E   AssertionError: MPANGO_ALLOW_TEMP_DB_CREATE=1 required for real Alembic evidence tests
    assert None == '1'
     +  where None = get('MPANGO_ALLOW_TEMP_DB_CREATE')
     +    where get = environ({'SHELL': '/bin/bash', 'WINDOWID': '0', 'QT_ACCESSIBILITY': '1', 'COLORTERM': 'truecolor', 'XDG_CONFIG_DIRS': ...2b_i1_r4_r1_real_alembic_upgrade.py::TestRealAlembicUpgradeFailClosed::test_receipt_index_wrong_key_rejected (setup)'}).get
     +      where environ({'SHELL': '/bin/bash', 'WINDOWID': '0', 'QT_ACCESSIBILITY': '1', 'COLORTERM': 'truecolor', 'XDG_CONFIG_DIRS': ...2b_i1_r4_r1_real_alembic_upgrade.py::TestRealAlembicUpgradeFailClosed::test_receipt_index_wrong_key_rejected (setup)'}) = os.environ
_ ERROR at setup of TestRealAlembicUpgradeFailClosed.test_receipt_index_weakened_predicate_rejected _
E   AssertionError: MPANGO_ALLOW_TEMP_DB_CREATE=1 required for real Alembic evidence tests
    assert None == '1'
     +  where None = get('MPANGO_ALLOW_TEMP_DB_CREATE')
     +    where get = environ({'SHELL': '/bin/bash', 'WINDOWID': '0', 'QT_ACCESSIBILITY': '1', 'COLORTERM': 'truecolor', 'XDG_CONFIG_DIRS': ...r1_real_alembic_upgrade.py::TestRealAlembicUpgradeFailClosed::test_receipt_index_weakened_predicate_rejected (setup)'}).get
     +      where environ({'SHELL': '/bin/bash', 'WINDOWID': '0', 'QT_ACCESSIBILITY': '1', 'COLORTERM': 'truecolor', 'XDG_CONFIG_DIRS': ...r1_real_alembic_upgrade.py::TestRealAlembicUpgradeFailClosed::test_receipt_index_weakened_predicate_rejected (setup)'}) = os.environ
_ ERROR at setup of TestRealAlembicUpgradeFailClosed.test_regular_index_extra_predicate_rejected _
E   AssertionError: MPANGO_ALLOW_TEMP_DB_CREATE=1 required for real Alembic evidence tests
    assert None == '1'
     +  where None = get('MPANGO_ALLOW_TEMP_DB_CREATE')
     +    where get = environ({'SHELL': '/bin/bash', 'WINDOWID': '0', 'QT_ACCESSIBILITY': '1', 'COLORTERM': 'truecolor', 'XDG_CONFIG_DIRS': ...r4_r1_real_alembic_upgrade.py::TestRealAlembicUpgradeFailClosed::test_regular_index_extra_predicate_rejected (setup)'}).get
     +      where environ({'SHELL': '/bin/bash', 'WINDOWID': '0', 'QT_ACCESSIBILITY': '1', 'COLORTERM': 'truecolor', 'XDG_CONFIG_DIRS': ...r4_r1_real_alembic_upgrade.py::TestRealAlembicUpgradeFailClosed::test_regular_index_extra_predicate_rejected (setup)'}) = os.environ
_ ERROR at setup of TestRealAlembicUpgradeFailClosed.test_regular_index_wrong_uniqueness_rejected _
E   AssertionError: MPANGO_ALLOW_TEMP_DB_CREATE=1 required for real Alembic evidence tests
    assert None == '1'
     +  where None = get('MPANGO_ALLOW_TEMP_DB_CREATE')
     +    where get = environ({'SHELL': '/bin/bash', 'WINDOWID': '0', 'QT_ACCESSIBILITY': '1', 'COLORTERM': 'truecolor', 'XDG_CONFIG_DIRS': ...4_r1_real_alembic_upgrade.py::TestRealAlembicUpgradeFailClosed::test_regular_index_wrong_uniqueness_rejected (setup)'}).get
     +      where environ({'SHELL': '/bin/bash', 'WINDOWID': '0', 'QT_ACCESSIBILITY': '1', 'COLORTERM': 'truecolor', 'XDG_CONFIG_DIRS': ...4_r1_real_alembic_upgrade.py::TestRealAlembicUpgradeFailClosed::test_regular_index_wrong_uniqueness_rejected (setup)'}) = os.environ
_ ERROR at setup of TestRealAlembicUpgradeFailClosed.test_canonical_upgrade_reaches_037_and_second_run_noops _
E   AssertionError: MPANGO_ALLOW_TEMP_DB_CREATE=1 required for real Alembic evidence tests
    assert None == '1'
     +  where None = get('MPANGO_ALLOW_TEMP_DB_CREATE')
     +    where get = environ({'SHELL': '/bin/bash', 'WINDOWID': '0', 'QT_ACCESSIBILITY': '1', 'COLORTERM': 'truecolor', 'XDG_CONFIG_DIRS': ...lembic_upgrade.py::TestRealAlembicUpgradeFailClosed::test_canonical_upgrade_reaches_037_and_second_run_noops (setup)'}).get
     +      where environ({'SHELL': '/bin/bash', 'WINDOWID': '0', 'QT_ACCESSIBILITY': '1', 'COLORTERM': 'truecolor', 'XDG_CONFIG_DIRS': ...lembic_upgrade.py::TestRealAlembicUpgradeFailClosed::test_canonical_upgrade_reaches_037_and_second_run_noops (setup)'}) = os.environ
_ ERROR at setup of TestExactCatalogShapeBypass.test_check_extra_and_condition_rejected _
E   AssertionError: MPANGO_ALLOW_TEMP_DB_CREATE=1 required for real Alembic evidence tests
    assert None == '1'
     +  where None = get('MPANGO_ALLOW_TEMP_DB_CREATE')
     +    where get = environ({'SHELL': '/bin/bash', 'WINDOWID': '0', 'QT_ACCESSIBILITY': '1', 'COLORTERM': 'truecolor', 'XDG_CONFIG_DIRS': ...3_s2b_i1_r4_r1_real_alembic_upgrade.py::TestExactCatalogShapeBypass::test_check_extra_and_condition_rejected (setup)'}).get
     +      where environ({'SHELL': '/bin/bash', 'WINDOWID': '0', 'QT_ACCESSIBILITY': '1', 'COLORTERM': 'truecolor', 'XDG_CONFIG_DIRS': ...3_s2b_i1_r4_r1_real_alembic_upgrade.py::TestExactCatalogShapeBypass::test_check_extra_and_condition_rejected (setup)'}) = os.environ
_ ERROR at setup of TestExactCatalogShapeBypass.test_amount_range_constraint_rejected _
E   AssertionError: MPANGO_ALLOW_TEMP_DB_CREATE=1 required for real Alembic evidence tests
    assert None == '1'
     +  where None = get('MPANGO_ALLOW_TEMP_DB_CREATE')
     +    where get = environ({'SHELL': '/bin/bash', 'WINDOWID': '0', 'QT_ACCESSIBILITY': '1', 'COLORTERM': 'truecolor', 'XDG_CONFIG_DIRS': ..._s3_s2b_i1_r4_r1_real_alembic_upgrade.py::TestExactCatalogShapeBypass::test_amount_range_constraint_rejected (setup)'}).get
     +      where environ({'SHELL': '/bin/bash', 'WINDOWID': '0', 'QT_ACCESSIBILITY': '1', 'COLORTERM': 'truecolor', 'XDG_CONFIG_DIRS': ..._s3_s2b_i1_r4_r1_real_alembic_upgrade.py::TestExactCatalogShapeBypass::test_amount_range_constraint_rejected (setup)'}) = os.environ
_ ERROR at setup of TestExactCatalogShapeBypass.test_index_expression_key_rejected _
E   AssertionError: MPANGO_ALLOW_TEMP_DB_CREATE=1 required for real Alembic evidence tests
    assert None == '1'
     +  where None = get('MPANGO_ALLOW_TEMP_DB_CREATE')
     +    where get = environ({'SHELL': '/bin/bash', 'WINDOWID': '0', 'QT_ACCESSIBILITY': '1', 'COLORTERM': 'truecolor', 'XDG_CONFIG_DIRS': ...2r1_s3_s2b_i1_r4_r1_real_alembic_upgrade.py::TestExactCatalogShapeBypass::test_index_expression_key_rejected (setup)'}).get
     +      where environ({'SHELL': '/bin/bash', 'WINDOWID': '0', 'QT_ACCESSIBILITY': '1', 'COLORTERM': 'truecolor', 'XDG_CONFIG_DIRS': ...2r1_s3_s2b_i1_r4_r1_real_alembic_upgrade.py::TestExactCatalogShapeBypass::test_index_expression_key_rejected (setup)'}) = os.environ
___ ERROR at setup of TestExactCatalogShapeBypass.test_composite_fk_rejected ___
E   AssertionError: MPANGO_ALLOW_TEMP_DB_CREATE=1 required for real Alembic evidence tests
    assert None == '1'
     +  where None = get('MPANGO_ALLOW_TEMP_DB_CREATE')
     +    where get = environ({'SHELL': '/bin/bash', 'WINDOWID': '0', 'QT_ACCESSIBILITY': '1', 'COLORTERM': 'truecolor', 'XDG_CONFIG_DIRS': ...test_dc12r1_s3_s2b_i1_r4_r1_real_alembic_upgrade.py::TestExactCatalogShapeBypass::test_composite_fk_rejected (setup)'}).get
     +      where environ({'SHELL': '/bin/bash', 'WINDOWID': '0', 'QT_ACCESSIBILITY': '1', 'COLORTERM': 'truecolor', 'XDG_CONFIG_DIRS': ...test_dc12r1_s3_s2b_i1_r4_r1_real_alembic_upgrade.py::TestExactCatalogShapeBypass::test_composite_fk_rejected (setup)'}) = os.environ
___ ERROR at setup of TestExactCatalogShapeBypass.test_composite_pk_rejected ___
E   AssertionError: MPANGO_ALLOW_TEMP_DB_CREATE=1 required for real Alembic evidence tests
    assert None == '1'
     +  where None = get('MPANGO_ALLOW_TEMP_DB_CREATE')
     +    where get = environ({'SHELL': '/bin/bash', 'WINDOWID': '0', 'QT_ACCESSIBILITY': '1', 'COLORTERM': 'truecolor', 'XDG_CONFIG_DIRS': ...test_dc12r1_s3_s2b_i1_r4_r1_real_alembic_upgrade.py::TestExactCatalogShapeBypass::test_composite_pk_rejected (setup)'}).get
     +      where environ({'SHELL': '/bin/bash', 'WINDOWID': '0', 'QT_ACCESSIBILITY': '1', 'COLORTERM': 'truecolor', 'XDG_CONFIG_DIRS': ...test_dc12r1_s3_s2b_i1_r4_r1_real_alembic_upgrade.py::TestExactCatalogShapeBypass::test_composite_pk_rejected (setup)'}) = os.environ
_ ERROR at setup of TestExactCatalogShapeBypass.test_prefix_compatible_wrong_type_rejected _
E   AssertionError: MPANGO_ALLOW_TEMP_DB_CREATE=1 required for real Alembic evidence tests
    assert None == '1'
     +  where None = get('MPANGO_ALLOW_TEMP_DB_CREATE')
     +    where get = environ({'SHELL': '/bin/bash', 'WINDOWID': '0', 'QT_ACCESSIBILITY': '1', 'COLORTERM': 'truecolor', 'XDG_CONFIG_DIRS': ...2b_i1_r4_r1_real_alembic_upgrade.py::TestExactCatalogShapeBypass::test_prefix_compatible_wrong_type_rejected (setup)'}).get
     +      where environ({'SHELL': '/bin/bash', 'WINDOWID': '0', 'QT_ACCESSIBILITY': '1', 'COLORTERM': 'truecolor', 'XDG_CONFIG_DIRS': ...2b_i1_r4_r1_real_alembic_upgrade.py::TestExactCatalogShapeBypass::test_prefix_compatible_wrong_type_rejected (setup)'}) = os.environ
_ ERROR at setup of TestExactCatalogShapeBypass.test_computed_status_default_rejected _
E   AssertionError: MPANGO_ALLOW_TEMP_DB_CREATE=1 required for real Alembic evidence tests
    assert None == '1'
     +  where None = get('MPANGO_ALLOW_TEMP_DB_CREATE')
     +    where get = environ({'SHELL': '/bin/bash', 'WINDOWID': '0', 'QT_ACCESSIBILITY': '1', 'COLORTERM': 'truecolor', 'XDG_CONFIG_DIRS': ..._s3_s2b_i1_r4_r1_real_alembic_upgrade.py::TestExactCatalogShapeBypass::test_computed_status_default_rejected (setup)'}).get
     +      where environ({'SHELL': '/bin/bash', 'WINDOWID': '0', 'QT_ACCESSIBILITY': '1', 'COLORTERM': 'truecolor', 'XDG_CONFIG_DIRS': ..._s3_s2b_i1_r4_r1_real_alembic_upgrade.py::TestExactCatalogShapeBypass::test_computed_status_default_rejected (setup)'}) = os.environ
_ ERROR at setup of TestExactCatalogShapeBypass.test_next_seq_computed_default_rejected _
E   AssertionError: MPANGO_ALLOW_TEMP_DB_CREATE=1 required for real Alembic evidence tests
    assert None == '1'
     +  where None = get('MPANGO_ALLOW_TEMP_DB_CREATE')
     +    where get = environ({'SHELL': '/bin/bash', 'WINDOWID': '0', 'QT_ACCESSIBILITY': '1', 'COLORTERM': 'truecolor', 'XDG_CONFIG_DIRS': ...3_s2b_i1_r4_r1_real_alembic_upgrade.py::TestExactCatalogShapeBypass::test_next_seq_computed_default_rejected (setup)'}).get
     +      where environ({'SHELL': '/bin/bash', 'WINDOWID': '0', 'QT_ACCESSIBILITY': '1', 'COLORTERM': 'truecolor', 'XDG_CONFIG_DIRS': ...3_s2b_i1_r4_r1_real_alembic_upgrade.py::TestExactCatalogShapeBypass::test_next_seq_computed_default_rejected (setup)'}) = os.environ
_ ERROR at setup of TestTwoRegisteredTenantsUpgrade.test_cross_tenant_failure_neither_mutates _
E   AssertionError: MPANGO_ALLOW_TEMP_DB_CREATE=1 required for real Alembic evidence tests
    assert None == '1'
     +  where None = get('MPANGO_ALLOW_TEMP_DB_CREATE')
     +    where get = environ({'SHELL': '/bin/bash', 'WINDOWID': '0', 'QT_ACCESSIBILITY': '1', 'COLORTERM': 'truecolor', 'XDG_CONFIG_DIRS': ...i1_r4_r1_real_alembic_upgrade.py::TestTwoRegisteredTenantsUpgrade::test_cross_tenant_failure_neither_mutates (setup)'}).get
     +      where environ({'SHELL': '/bin/bash', 'WINDOWID': '0', 'QT_ACCESSIBILITY': '1', 'COLORTERM': 'truecolor', 'XDG_CONFIG_DIRS': ...i1_r4_r1_real_alembic_upgrade.py::TestTwoRegisteredTenantsUpgrade::test_cross_tenant_failure_neither_mutates (setup)'}) = os.environ
=================================== FAILURES ===================================
E   RuntimeError: temporary database source must have an explicit test name
/tmp/dc12r1-v2-worktree/backend/tests/async_test_utils.py:120: RuntimeError: temporary database source must have an explicit test name
E   RuntimeError: temporary database source must have an explicit test name
/tmp/dc12r1-v2-worktree/backend/tests/async_test_utils.py:120: RuntimeError: temporary database source must have an explicit test name
E   RuntimeError: temporary database source must have an explicit test name
/tmp/dc12r1-v2-worktree/backend/tests/async_test_utils.py:120: RuntimeError: temporary database source must have an explicit test name
E   RuntimeError: temporary database source must have an explicit test name
/tmp/dc12r1-v2-worktree/backend/tests/async_test_utils.py:120: RuntimeError: temporary database source must have an explicit test name
E   RuntimeError: temporary database source must have an explicit test name
/tmp/dc12r1-v2-worktree/backend/tests/async_test_utils.py:120: RuntimeError: temporary database source must have an explicit test name
E   RuntimeError: temporary database source must have an explicit test name
/tmp/dc12r1-v2-worktree/backend/tests/async_test_utils.py:120: RuntimeError: temporary database source must have an explicit test name
E   RuntimeError: temporary database creation requires explicit opt-in
/tmp/dc12r1-v2-worktree/backend/tests/async_test_utils.py:87: RuntimeError: temporary database creation requires explicit opt-in
E   RuntimeError: temporary database creation requires explicit opt-in
/tmp/dc12r1-v2-worktree/backend/tests/async_test_utils.py:87: RuntimeError: temporary database creation requires explicit opt-in
E   RuntimeError: temporary database creation requires explicit opt-in
/tmp/dc12r1-v2-worktree/backend/tests/async_test_utils.py:87: RuntimeError: temporary database creation requires explicit opt-in
E   RuntimeError: temporary database creation requires explicit opt-in
/tmp/dc12r1-v2-worktree/backend/tests/async_test_utils.py:87: RuntimeError: temporary database creation requires explicit opt-in
E   RuntimeError: temporary database creation requires explicit opt-in
/tmp/dc12r1-v2-worktree/backend/tests/async_test_utils.py:87: RuntimeError: temporary database creation requires explicit opt-in
E   RuntimeError: temporary database creation requires explicit opt-in
/tmp/dc12r1-v2-worktree/backend/tests/async_test_utils.py:87: RuntimeError: temporary database creation requires explicit opt-in
E   RuntimeError: temporary database creation requires explicit opt-in
/tmp/dc12r1-v2-worktree/backend/tests/async_test_utils.py:87: RuntimeError: temporary database creation requires explicit opt-in
=============================== warnings summary ===============================
../../dc12r1-v2-venv/lib/python3.12/site-packages/_pytest/config/__init__.py:885
  /tmp/dc12r1-v2-venv/lib/python3.12/site-packages/_pytest/config/__init__.py:885: PytestAssertRewriteWarning: Module already imported so cannot be rewritten; tests.reporting_bootstrap_contract_helpers
    self.import_plugin(import_spec)

../../dc12r1-v2-venv/lib/python3.12/site-packages/passlib/utils/__init__.py:854
  /tmp/dc12r1-v2-venv/lib/python3.12/site-packages/passlib/utils/__init__.py:854: DeprecationWarning: 'crypt' is deprecated and slated for removal in Python 3.13
    from crypt import crypt as _crypt

database/base.py:7
  /tmp/dc12r1-v2-worktree/backend/database/base.py:7: MovedIn20Warning: The ``declarative_base()`` function is now available as sqlalchemy.orm.declarative_base(). (deprecated since: 2.0) (Background on SQLAlchemy 2.0 at: https://sqlalche.me/e/b8d9)
    Base = declarative_base()

core/structured_logging.py:89: 33 warnings
tests/business/test_financial_loop.py: 36 warnings
tests/business/test_s4_order_fulfillment_inventory_invariants.py: 27 warnings
tests/business/test_s4b_inventory_reversal_invariants.py: 56 warnings
tests/business/test_s4c_concurrent_fulfillment_oversell_invariants.py: 39 warnings
tests/business/test_s4d_inventory_movement_ledger_integrity.py: 58 warnings
tests/business/test_s4e_reservation_schema_contract.py: 2 warnings
tests/business/test_s4e_stock_reservation_lifecycle_audit.py: 59 warnings
tests/business/test_s4f_business_invariant_closeout.py: 49 warnings
tests/security/test_exploit_guardrail.py: 3 warnings
tests/test_auth_bypass.py: 5 warnings
tests/test_b5_real_db.py: 18 warnings
tests/test_dc10e_export_worker_tenant_context.py: 13 warnings
tests/test_dc10f_payment_method_integrity.py: 4 warnings
tests/test_dc10f_r1_payment_method_migration.py: 42 warnings
tests/test_dc10g_platform_uuid_export_error_hardening.py: 1 warning
tests/test_dc10k_finance_receivables_runtime.py: 2 warnings
tests/test_dc10l_order_status_enum_reconciliation.py: 10 warnings
tests/test_dc11d_payment_replay_concurrency_integrity.py: 37 warnings
tests/test_dc11t4c_reporting_bootstrap_contract.py: 4 warnings
tests/test_dc11t4h_receivable_collection_integrity.py: 50 warnings
tests/test_dc12r1_contract_d_statement_print.py: 2255 warnings
tests/test_dc12r1_h2_structured_http_error_contract.py: 89 warnings
tests/test_dc12r1_j1_h2_b_r3_r1_user_role_assignment_async_serialization.py: 225 warnings
tests/test_dc12r1_j1_h2a_cross_tenant_invitation_binding.py: 7 warnings
tests/test_dc12r1_j1_h2a_r1_dual_entry_self_join.py: 41 warnings
tests/test_dc12r1_j1_h2b_forgot_password_runtime_closure.py: 93 warnings
tests/test_dc12r1_j1_h2c_retailer_recovery_discovery.py: 15 warnings
tests/test_dc12r1_s1_h1_verification_token_terminal_state.py: 36 warnings
tests/test_dc12r1_s2_supplier_scoped_retailer_login.py: 1229 warnings
tests/test_dc12r1_s3_s1_catalog_order_hardening.py: 1213 warnings
tests/test_dc12r1_s3_s2_read_only_retailer_finance.py: 269 warnings
tests/test_dc12r1_s3_s2b_i1_financial_schema_foundation.py: 1 warning
tests/test_dc12r1_s3_s2b_i1_r3_migration_preflight.py: 11 warnings
tests/test_dc12r1_s3_s2b_i2a_canonical_payment_service.py: 75 warnings
tests/test_dc12r1_s3_s2b_i2b_payment_declarations.py: 1416 warnings
tests/test_dc12r1_s3_s2b_i2c_i1_printable_records.py: 1299 warnings
tests/test_dc1e_validation_error_serialization.py: 6 warnings
tests/test_dc1g_retailer_registration_binding_balance.py: 2 warnings
tests/test_dc2m2_legacy_tenant_reconciliation_forward_migration.py: 14 warnings
tests/test_dc3b_credential_recovery_backend.py: 168 warnings
tests/test_order_creation.py: 1 warning
tests/test_phase3_pricing.py: 13 warnings
tests/test_phase5_order_payment.py: 21 warnings
tests/test_platform_audit_api.py: 43 warnings
tests/test_platform_p10_contracts.py: 89 warnings
tests/test_platform_p11c0_legacy_guard.py: 24 warnings
tests/test_platform_p12_support_console.py: 61 warnings
tests/test_platform_p13_operations_cockpit.py: 72 warnings
tests/test_platform_p15_incident_triage.py: 21 warnings
tests/test_platform_p17_registry.py: 32 warnings
tests/test_platform_p17dc_backup_registry_read.py: 4 warnings
tests/test_platform_p18_controlled_actions.py: 66 warnings
tests/test_platform_p18d_real_registry.py: 14 warnings
tests/test_platform_p19_approval_workflow.py: 63 warnings
tests/test_platform_p20_durable_approval_governance.py: 120 warnings
tests/test_security_privacy.py: 1 warning
  /tmp/dc12r1-v2-worktree/backend/core/structured_logging.py:89: DeprecationWarning: datetime.datetime.utcnow() is deprecated and scheduled for removal in a future version. Use timezone-aware objects to represent datetimes in UTC: datetime.datetime.now(datetime.UTC).
    "timestamp": datetime.utcnow().isoformat() + "Z",

tests/test_idempotency.py:32
  /tmp/dc12r1-v2-worktree/backend/tests/test_idempotency.py:32: PytestCollectionWarning: cannot collect test class 'TestIdempotencyMiddleware' because it has a __init__ constructor (from: tests/test_idempotency.py)
    class TestIdempotencyMiddleware:

tests/test_s3c_cache.py:20
  /tmp/dc12r1-v2-worktree/backend/tests/test_s3c_cache.py:20: PytestCollectionWarning: cannot collect test class 'TestUser' because it has a __init__ constructor (from: tests/test_s3c_cache.py)
    class TestUser(BaseModel):

tests/business/test_s4_order_fulfillment_inventory_invariants.py: 3 warnings
tests/business/test_s4b_inventory_reversal_invariants.py: 6 warnings
tests/business/test_s4c_concurrent_fulfillment_oversell_invariants.py: 6 warnings
tests/business/test_s4d_inventory_movement_ledger_integrity.py: 6 warnings
tests/business/test_s4e_stock_reservation_lifecycle_audit.py: 5 warnings
tests/business/test_s4f_business_invariant_closeout.py: 3 warnings
tests/test_s5a_fresh_tenant_real_user_journey_gate.py: 1 warning
  /tmp/dc12r1-v2-worktree/backend/api/v1/orders.py:983: DeprecationWarning: datetime.datetime.utcnow() is deprecated and scheduled for removal in a future version. Use timezone-aware objects to represent datetimes in UTC: datetime.datetime.now(datetime.UTC).
    timestamp=datetime.utcnow()

tests/business/test_s4b_inventory_reversal_invariants.py::test_return_after_fulfillment_restores_stock_and_writes_restock_movement
tests/business/test_s4b_inventory_reversal_invariants.py::test_duplicate_return_restores_inventory_exactly_once
tests/business/test_s4b_inventory_reversal_invariants.py::test_return_restock_is_tenant_schema_isolated
tests/business/test_s4b_inventory_reversal_invariants.py::test_return_posts_refund_ledger_and_inventory_restock
tests/business/test_s4d_inventory_movement_ledger_integrity.py::test_return_movement_math_sequence_reference_and_type
tests/business/test_s4e_stock_reservation_lifecycle_audit.py::test_return_restores_on_hand_without_creating_reservation
tests/business/test_s4f_business_invariant_closeout.py::test_return_restores_on_hand_without_re_reserving_and_duplicate_is_stable
tests/test_s5a_fresh_tenant_real_user_journey_gate.py::test_s5a_fresh_tenant_real_user_journey_gate
  /tmp/dc12r1-v2-worktree/backend/api/v1/orders.py:1133: DeprecationWarning: datetime.datetime.utcnow() is deprecated and scheduled for removal in a future version. Use timezone-aware objects to represent datetimes in UTC: datetime.datetime.now(datetime.UTC).
    timestamp=datetime.utcnow()

tests/business/test_s4b_inventory_reversal_invariants.py::test_confirmed_cancel_does_not_change_stock_or_write_inventory_movement
tests/business/test_s4e_stock_reservation_lifecycle_audit.py::test_cancel_releases_only_this_order_reservation_rows
tests/business/test_s4e_stock_reservation_lifecycle_audit.py::test_duplicate_cancel_does_not_double_release_reservation
tests/business/test_s4e_stock_reservation_lifecycle_audit.py::test_reserve_release_and_consume_movement_boundaries
tests/business/test_s4f_business_invariant_closeout.py::test_cancel_confirmed_releases_reservation_and_paid_or_fulfilled_cancel_is_rejected
  /tmp/dc12r1-v2-worktree/backend/api/v1/orders.py:1043: DeprecationWarning: datetime.datetime.utcnow() is deprecated and scheduled for removal in a future version. Use timezone-aware objects to represent datetimes in UTC: datetime.datetime.now(datetime.UTC).
    timestamp=datetime.utcnow()

tests/business/test_s4d_inventory_movement_ledger_integrity.py::test_manual_adjustment_movements_use_manual_reference_and_math
tests/business/test_s4d_inventory_movement_ledger_integrity.py::test_manual_adjustment_movements_use_manual_reference_and_math
tests/business/test_s4d_inventory_movement_ledger_integrity.py::test_movement_list_endpoint_matches_database
  /tmp/dc12r1-v2-worktree/backend/api/v1/inventory.py:233: DeprecationWarning: datetime.datetime.utcnow() is deprecated and scheduled for removal in a future version. Use timezone-aware objects to represent datetimes in UTC: datetime.datetime.now(datetime.UTC).
    timestamp=datetime.utcnow(),

tests/business/test_s4d_inventory_movement_ledger_integrity.py::test_movement_list_endpoint_matches_database
  /tmp/dc12r1-v2-worktree/backend/api/v1/inventory.py:300: DeprecationWarning: datetime.datetime.utcnow() is deprecated and scheduled for removal in a future version. Use timezone-aware objects to represent datetimes in UTC: datetime.datetime.now(datetime.UTC).
    return DataResponse(success=True, data=data, timestamp=datetime.utcnow())

tests/business/test_s4e_stock_reservation_lifecycle_audit.py: 14 warnings
tests/business/test_s4f_business_invariant_closeout.py: 8 warnings
tests/test_s5a_fresh_tenant_real_user_journey_gate.py: 2 warnings
  /tmp/dc12r1-v2-worktree/backend/api/v1/orders.py:644: DeprecationWarning: datetime.datetime.utcnow() is deprecated and scheduled for removal in a future version. Use timezone-aware objects to represent datetimes in UTC: datetime.datetime.now(datetime.UTC).
    timestamp=datetime.utcnow()

tests/business/test_s4e_stock_reservation_lifecycle_audit.py: 4 warnings
tests/business/test_s4f_business_invariant_closeout.py: 4 warnings
tests/test_dc11d_payment_replay_concurrency_integrity.py: 9 warnings
tests/test_dc11t4h_receivable_collection_integrity.py: 15 warnings
tests/test_dc12r1_contract_d_statement_print.py: 31 warnings
tests/test_dc12r1_s3_s2b_i2a_canonical_payment_service.py: 22 warnings
tests/test_dc12r1_s3_s2b_i2b_payment_declarations.py: 7 warnings
tests/test_dc12r1_s3_s2b_i2c_i1_printable_records.py: 11 warnings
tests/test_s5a_fresh_tenant_real_user_journey_gate.py: 1 warning
tests/test_s5d4b_settled_cash_payment.py: 1 warning
tests/test_s5d5_payment_ledger_runtime_invariant.py: 7 warnings
tests/test_s5d6_multi_partial_payment_state_machine.py: 6 warnings
  /tmp/dc12r1-v2-worktree/backend/repositories/payment_repository.py:288: DeprecationWarning: datetime.datetime.utcnow() is deprecated and scheduled for removal in a future version. Use timezone-aware objects to represent datetimes in UTC: datetime.datetime.now(datetime.UTC).
    now = datetime.utcnow()

tests/business/test_s4e_stock_reservation_lifecycle_audit.py: 4 warnings
tests/business/test_s4f_business_invariant_closeout.py: 4 warnings
tests/test_dc11d_payment_replay_concurrency_integrity.py: 7 warnings
tests/test_dc11t4h_receivable_collection_integrity.py: 15 warnings
tests/test_dc12r1_s3_s2b_i2a_canonical_payment_service.py: 7 warnings
tests/test_phase5_order_payment.py: 11 warnings
tests/test_s5a_fresh_tenant_real_user_journey_gate.py: 1 warning
tests/test_s5d4b_settled_cash_payment.py: 6 warnings
tests/test_s5d5_payment_ledger_runtime_invariant.py: 7 warnings
tests/test_s5d6_multi_partial_payment_state_machine.py: 6 warnings
  /tmp/dc12r1-v2-worktree/backend/api/v1/orders.py:891: DeprecationWarning: datetime.datetime.utcnow() is deprecated and scheduled for removal in a future version. Use timezone-aware objects to represent datetimes in UTC: datetime.datetime.now(datetime.UTC).
    timestamp=datetime.utcnow(),

tests/security/test_jwt_boundaries.py: 8 warnings
tests/test_dc12r1_contract_d_statement_print.py: 94 warnings
tests/test_dc12r1_j1_h2_b_r3_r1_user_role_assignment_async_serialization.py: 20 warnings
tests/test_dc12r1_s2_supplier_scoped_retailer_login.py: 2 warnings
tests/test_dc12r1_s3_s1_catalog_order_hardening.py: 1 warning
tests/test_dc12r1_s3_s2b_i2b_payment_declarations.py: 56 warnings
tests/test_dc12r1_s3_s2b_i2c_i1_printable_records.py: 32 warnings
tests/test_dc3b_credential_recovery_backend.py: 20 warnings
tests/test_platform_p10_contracts.py: 4 warnings
tests/test_pw1r3_rate_limit_context.py: 1 warning
tests/test_s5a_fresh_tenant_real_user_journey_gate.py: 2 warnings
  /tmp/dc12r1-v2-worktree/backend/core/security.py:108: DeprecationWarning: datetime.datetime.utcnow() is deprecated and scheduled for removal in a future version. Use timezone-aware objects to represent datetimes in UTC: datetime.datetime.now(datetime.UTC).
    expire = datetime.utcnow() + expires_delta

tests/security/test_jwt_boundaries.py: 3 warnings
tests/test_dc12r1_contract_d_statement_print.py: 190 warnings
tests/test_dc12r1_j1_h2_b_r3_r1_user_role_assignment_async_serialization.py: 20 warnings
tests/test_dc12r1_s2_supplier_scoped_retailer_login.py: 46 warnings
tests/test_dc12r1_s3_s1_catalog_order_hardening.py: 62 warnings
tests/test_dc12r1_s3_s2_read_only_retailer_finance.py: 12 warnings
tests/test_dc12r1_s3_s2b_i2b_payment_declarations.py: 98 warnings
tests/test_dc12r1_s3_s2b_i2c_i1_printable_records.py: 90 warnings
tests/test_dc3b_credential_recovery_backend.py: 14 warnings
tests/test_jwt_utils.py: 8 warnings
tests/test_pw1r3_rate_limit_context.py: 3 warnings
tests/test_pw1r4_cross_tenant_statement_cache.py: 3 warnings
tests/test_pw1r4b4_retailer_permission_context.py: 10 warnings
tests/test_s3c_self_contained_fresh_tenant_live_proof.py: 15 warnings
tests/test_s5a_fresh_tenant_real_user_journey_gate.py: 2 warnings
tests/test_token_properties.py: 140 warnings
  /tmp/dc12r1-v2-worktree/backend/core/security.py:150: DeprecationWarning: datetime.datetime.utcnow() is deprecated and scheduled for removal in a future version. Use timezone-aware objects to represent datetimes in UTC: datetime.datetime.now(datetime.UTC).
    expire = datetime.utcnow() + expires_delta

tests/test_auth_regressions.py: 1 warning
tests/test_dc12r1_contract_d_statement_print.py: 47 warnings
tests/test_dc12r1_j1_h2_b_r3_r1_user_role_assignment_async_serialization.py: 10 warnings
tests/test_dc12r1_s3_s2b_i2b_payment_declarations.py: 28 warnings
tests/test_dc12r1_s3_s2b_i2c_i1_printable_records.py: 16 warnings
tests/test_dc3b_credential_recovery_backend.py: 7 warnings
tests/test_s5a_fresh_tenant_real_user_journey_gate.py: 1 warning
  /tmp/dc12r1-v2-worktree/backend/api/v1/auth.py:441: DeprecationWarning: datetime.datetime.utcnow() is deprecated and scheduled for removal in a future version. Use timezone-aware objects to represent datetimes in UTC: datetime.datetime.now(datetime.UTC).
    timestamp=datetime.utcnow(),

tests/test_auth_regressions.py::test_get_current_user_identity_token_returns_nullable_email
tests/test_pw1r3_rate_limit_context.py::test_identity_only_jwt_uses_ip_limit_100
  /tmp/dc12r1-v2-worktree/backend/api/v1/auth.py:633: DeprecationWarning: datetime.datetime.utcnow() is deprecated and scheduled for removal in a future version. Use timezone-aware objects to represent datetimes in UTC: datetime.datetime.now(datetime.UTC).
    timestamp=datetime.utcnow(),

tests/test_b5_real_db.py::TestB5RealDB::test_idempotency_violation
tests/test_b5_real_db.py::TestB5RealDB::test_transfer_payment_first
tests/test_dc12r1_s3_s2b_i2b_payment_declarations.py::TestNamespaceIsolation::test_direct_pay_rejects_reserved_prefix
tests/test_dc12r1_s3_s2b_i2b_payment_declarations.py::TestRuntimeMatrix::test_direct_payment_reserved_namespace_rejected
tests/test_phase5_order_payment.py::TestRouteLevelOrderPaymentMonkeypatch::test_route_structured_full_payment_returns_200
tests/test_phase5_order_payment.py::TestRouteLevelOrderPaymentMonkeypatch::test_route_partial_payment_returns_partially_paid
tests/test_phase5_order_payment.py::TestRouteLevelOrderPaymentMonkeypatch::test_route_overpayment_rejected_with_400
  /tmp/dc12r1-v2-worktree/backend/api/middleware/idempotency.py:218: DeprecationWarning: datetime.datetime.utcnow() is deprecated and scheduled for removal in a future version. Use timezone-aware objects to represent datetimes in UTC: datetime.datetime.now(datetime.UTC).
    "expires_at": datetime.utcnow() + timedelta(minutes=5)

tests/test_dc10f_payment_method_integrity.py: 2 warnings
tests/test_dc12r1_s2_supplier_scoped_retailer_login.py: 4 warnings
tests/test_dc1e_validation_error_serialization.py: 2 warnings
tests/test_request_validation.py: 104 warnings
tests/test_u1r1_bootstrap_completeness.py: 10 warnings
  /tmp/dc12r1-v2-venv/lib/python3.12/site-packages/starlette/_exception_handler.py:59: DeprecationWarning: 'HTTP_422_UNPROCESSABLE_ENTITY' is deprecated. Use 'HTTP_422_UNPROCESSABLE_CONTENT' instead.
    response = await handler(conn, exc)

tests/test_dc10k_finance_receivables_runtime.py: 1 warning
tests/test_finance_receivables_api.py: 19 warnings
  /tmp/dc12r1-v2-worktree/backend/api/v1/finance.py:414: DeprecationWarning: datetime.datetime.utcnow() is deprecated and scheduled for removal in a future version. Use timezone-aware objects to represent datetimes in UTC: datetime.datetime.now(datetime.UTC).
    timestamp=datetime.utcnow(),

tests/test_dc11d_payment_replay_concurrency_integrity.py::test_sequential_same_financial_result_replay_creates_one_financial_result
tests/test_dc11d_payment_replay_concurrency_integrity.py::test_concurrent_same_financial_result_replay_creates_one_financial_result
tests/test_dc11t4h_receivable_collection_integrity.py::test_credit_collection_idempotent_replay_has_no_duplicate_ledger
  /tmp/dc12r1-v2-worktree/backend/api/v1/orders.py:216: DeprecationWarning: datetime.datetime.utcnow() is deprecated and scheduled for removal in a future version. Use timezone-aware objects to represent datetimes in UTC: datetime.datetime.now(datetime.UTC).
    timestamp=datetime.utcnow(),

tests/test_dc11t4h_receivable_collection_integrity.py::test_credit_sale_partial_final_collection_and_finance_summary
tests/test_finance_receivables_api.py::test_get_receivables_summary_returns_200_shape
tests/test_finance_receivables_api.py::test_get_receivables_summary_calls_service_once
tests/test_finance_receivables_api.py::test_get_receivables_summary_empty_result
tests/test_finance_receivables_api.py::test_receivables_response_has_stable_keys
  /tmp/dc12r1-v2-worktree/backend/api/v1/finance.py:364: DeprecationWarning: datetime.datetime.utcnow() is deprecated and scheduled for removal in a future version. Use timezone-aware objects to represent datetimes in UTC: datetime.datetime.now(datetime.UTC).
    timestamp=datetime.utcnow(),

tests/test_dc12r1_contract_d_statement_print.py: 48 warnings
tests/test_dc12r1_s2_supplier_scoped_retailer_login.py: 22 warnings
tests/test_dc12r1_s3_s1_catalog_order_hardening.py: 31 warnings
tests/test_dc12r1_s3_s2_read_only_retailer_finance.py: 6 warnings
tests/test_dc12r1_s3_s2b_i2b_payment_declarations.py: 21 warnings
tests/test_dc12r1_s3_s2b_i2c_i1_printable_records.py: 29 warnings
tests/test_pw1r4b4_retailer_permission_context.py: 5 warnings
  /tmp/dc12r1-v2-worktree/backend/api/v1/client/auth.py:339: DeprecationWarning: datetime.datetime.utcnow() is deprecated and scheduled for removal in a future version. Use timezone-aware objects to represent datetimes in UTC: datetime.datetime.now(datetime.UTC).
    timestamp=datetime.utcnow(),

tests/test_dc12r1_contract_d_statement_print.py: 31 warnings
tests/test_dc12r1_s3_s2b_i2b_payment_declarations.py: 17 warnings
tests/test_dc12r1_s3_s2b_i2c_i1_printable_records.py: 11 warnings
  /tmp/dc12r1-v2-worktree/backend/api/v1/client/orders.py:624: DeprecationWarning: datetime.datetime.utcnow() is deprecated and scheduled for removal in a future version. Use timezone-aware objects to represent datetimes in UTC: datetime.datetime.now(datetime.UTC).
    timestamp=datetime.utcnow(),

tests/test_dc12r1_contract_d_statement_print.py: 47 warnings
tests/test_dc12r1_j1_h2_b_r3_r1_user_role_assignment_async_serialization.py: 10 warnings
tests/test_dc12r1_s2_supplier_scoped_retailer_login.py: 1 warning
tests/test_dc12r1_s3_s2b_i2b_payment_declarations.py: 28 warnings
tests/test_dc12r1_s3_s2b_i2c_i1_printable_records.py: 16 warnings
tests/test_dc3b_credential_recovery_backend.py: 8 warnings
tests/test_dc5a_login_email_normalization.py: 1 warning
tests/test_s5a_fresh_tenant_real_user_journey_gate.py: 1 warning
  /tmp/dc12r1-v2-worktree/backend/api/v1/auth.py:325: DeprecationWarning: datetime.datetime.utcnow() is deprecated and scheduled for removal in a future version. Use timezone-aware objects to represent datetimes in UTC: datetime.datetime.now(datetime.UTC).
    timestamp=datetime.utcnow(),

tests/test_dc12r1_contract_d_statement_print.py::TestWpr004SharedStatementHttpMapper::test_both_routes_reference_the_same_shared_mapper
  tests/test_dc12r1_contract_d_statement_print.py:2997: PytestWarning: The test <Function test_both_routes_reference_the_same_shared_mapper> is marked with '@pytest.mark.asyncio' but it is not an async function. Please remove the asyncio mark. If the test is not marked explicitly, check for global marks applied via 'pytestmark'.
    def test_both_routes_reference_the_same_shared_mapper(self):

tests/test_dc12r1_contract_d_statement_print.py::TestWpr004SharedStatementHttpMapper::test_byte_contract_table[view-ok]
  tests/test_dc12r1_contract_d_statement_print.py:3013: PytestWarning: The test <Function test_byte_contract_table[view-ok]> is marked with '@pytest.mark.asyncio' but it is not an async function. Please remove the asyncio mark. If the test is not marked explicitly, check for global marks applied via 'pytestmark'.
    @pytest.mark.parametrize(

tests/test_dc12r1_contract_d_statement_print.py::TestWpr004SharedStatementHttpMapper::test_byte_contract_table[not_found-404]
  tests/test_dc12r1_contract_d_statement_print.py:3013: PytestWarning: The test <Function test_byte_contract_table[not_found-404]> is marked with '@pytest.mark.asyncio' but it is not an async function. Please remove the asyncio mark. If the test is not marked explicitly, check for global marks applied via 'pytestmark'.
    @pytest.mark.parametrize(

tests/test_dc12r1_contract_d_statement_print.py::TestWpr004SharedStatementHttpMapper::test_byte_contract_table[period-400]
  tests/test_dc12r1_contract_d_statement_print.py:3013: PytestWarning: The test <Function test_byte_contract_table[period-400]> is marked with '@pytest.mark.asyncio' but it is not an async function. Please remove the asyncio mark. If the test is not marked explicitly, check for global marks applied via 'pytestmark'.
    @pytest.mark.parametrize(

tests/test_dc12r1_contract_d_statement_print.py::TestWpr004SharedStatementHttpMapper::test_byte_contract_table[range-too-large-400]
  tests/test_dc12r1_contract_d_statement_print.py:3013: PytestWarning: The test <Function test_byte_contract_table[range-too-large-400]> is marked with '@pytest.mark.asyncio' but it is not an async function. Please remove the asyncio mark. If the test is not marked explicitly, check for global marks applied via 'pytestmark'.
    @pytest.mark.parametrize(

tests/test_dc12r1_contract_d_statement_print.py::TestWpr004SharedStatementHttpMapper::test_byte_contract_table[ledger-scope-409]
  tests/test_dc12r1_contract_d_statement_print.py:3013: PytestWarning: The test <Function test_byte_contract_table[ledger-scope-409]> is marked with '@pytest.mark.asyncio' but it is not an async function. Please remove the asyncio mark. If the test is not marked explicitly, check for global marks applied via 'pytestmark'.
    @pytest.mark.parametrize(

tests/test_dc12r1_contract_d_statement_print.py::TestWpr004SharedStatementHttpMapper::test_byte_contract_table[internal-inconsistent-409]
  tests/test_dc12r1_contract_d_statement_print.py:3013: PytestWarning: The test <Function test_byte_contract_table[internal-inconsistent-409]> is marked with '@pytest.mark.asyncio' but it is not an async function. Please remove the asyncio mark. If the test is not marked explicitly, check for global marks applied via 'pytestmark'.
    @pytest.mark.parametrize(

tests/test_dc12r1_contract_d_statement_print.py::TestWpr004SharedStatementHttpMapper::test_byte_contract_table[reconciliation-409]
  tests/test_dc12r1_contract_d_statement_print.py:3013: PytestWarning: The test <Function test_byte_contract_table[reconciliation-409]> is marked with '@pytest.mark.asyncio' but it is not an async function. Please remove the asyncio mark. If the test is not marked explicitly, check for global marks applied via 'pytestmark'.
    @pytest.mark.parametrize(

tests/test_dc12r1_contract_d_statement_print.py::TestWpr004SharedStatementHttpMapper::test_byte_contract_table[fallback-404]
  tests/test_dc12r1_contract_d_statement_print.py:3013: PytestWarning: The test <Function test_byte_contract_table[fallback-404]> is marked with '@pytest.mark.asyncio' but it is not an async function. Please remove the asyncio mark. If the test is not marked explicitly, check for global marks applied via 'pytestmark'.
    @pytest.mark.parametrize(

tests/test_dc12r1_contract_d_statement_print.py::TestWpr004SharedStatementHttpMapper::test_supplier_and_client_mapping_are_identical[not_found]
  tests/test_dc12r1_contract_d_statement_print.py:3088: PytestWarning: The test <Function test_supplier_and_client_mapping_are_identical[not_found]> is marked with '@pytest.mark.asyncio' but it is not an async function. Please remove the asyncio mark. If the test is not marked explicitly, check for global marks applied via 'pytestmark'.
    @pytest.mark.parametrize(

tests/test_dc12r1_contract_d_statement_print.py::TestWpr004SharedStatementHttpMapper::test_supplier_and_client_mapping_are_identical[period]
  tests/test_dc12r1_contract_d_statement_print.py:3088: PytestWarning: The test <Function test_supplier_and_client_mapping_are_identical[period]> is marked with '@pytest.mark.asyncio' but it is not an async function. Please remove the asyncio mark. If the test is not marked explicitly, check for global marks applied via 'pytestmark'.
    @pytest.mark.parametrize(

tests/test_dc12r1_contract_d_statement_print.py::TestWpr004SharedStatementHttpMapper::test_supplier_and_client_mapping_are_identical[range]
  tests/test_dc12r1_contract_d_statement_print.py:3088: PytestWarning: The test <Function test_supplier_and_client_mapping_are_identical[range]> is marked with '@pytest.mark.asyncio' but it is not an async function. Please remove the asyncio mark. If the test is not marked explicitly, check for global marks applied via 'pytestmark'.
    @pytest.mark.parametrize(

tests/test_dc12r1_contract_d_statement_print.py::TestWpr004SharedStatementHttpMapper::test_supplier_and_client_mapping_are_identical[scope]
  tests/test_dc12r1_contract_d_statement_print.py:3088: PytestWarning: The test <Function test_supplier_and_client_mapping_are_identical[scope]> is marked with '@pytest.mark.asyncio' but it is not an async function. Please remove the asyncio mark. If the test is not marked explicitly, check for global marks applied via 'pytestmark'.
    @pytest.mark.parametrize(

tests/test_dc12r1_contract_d_statement_print.py::TestWpr004SharedStatementHttpMapper::test_supplier_and_client_mapping_are_identical[inconsistent]
  tests/test_dc12r1_contract_d_statement_print.py:3088: PytestWarning: The test <Function test_supplier_and_client_mapping_are_identical[inconsistent]> is marked with '@pytest.mark.asyncio' but it is not an async function. Please remove the asyncio mark. If the test is not marked explicitly, check for global marks applied via 'pytestmark'.
    @pytest.mark.parametrize(

tests/test_dc12r1_contract_d_statement_print.py::TestWpr004SharedStatementHttpMapper::test_supplier_and_client_mapping_are_identical[recon]
  tests/test_dc12r1_contract_d_statement_print.py:3088: PytestWarning: The test <Function test_supplier_and_client_mapping_are_identical[recon]> is marked with '@pytest.mark.asyncio' but it is not an async function. Please remove the asyncio mark. If the test is not marked explicitly, check for global marks applied via 'pytestmark'.
    @pytest.mark.parametrize(

tests/test_dc12r1_contract_d_statement_print.py::TestWpr004SharedStatementHttpMapper::test_supplier_and_client_mapping_are_identical[fallback]
  tests/test_dc12r1_contract_d_statement_print.py:3088: PytestWarning: The test <Function test_supplier_and_client_mapping_are_identical[fallback]> is marked with '@pytest.mark.asyncio' but it is not an async function. Please remove the asyncio mark. If the test is not marked explicitly, check for global marks applied via 'pytestmark'.
    @pytest.mark.parametrize(

tests/test_dc12r1_contract_d_statement_print.py::TestWpr004SharedStatementHttpMapper::test_mutation_evidence_one_sided_drift_is_detectable
  tests/test_dc12r1_contract_d_statement_print.py:3118: PytestWarning: The test <Function test_mutation_evidence_one_sided_drift_is_detectable> is marked with '@pytest.mark.asyncio' but it is not an async function. Please remove the asyncio mark. If the test is not marked explicitly, check for global marks applied via 'pytestmark'.
    def test_mutation_evidence_one_sided_drift_is_detectable(self):

tests/test_dc12r1_h2_structured_http_error_contract.py::TestErrorCodePreservation::test_explicit_public_details_preserved
tests/test_dc12r1_s2_supplier_scoped_retailer_login.py::TestMalformedCode422::test_special_chars_code_returns_422
tests/test_dc12r1_s2_supplier_scoped_retailer_login.py::TestMalformedCode422::test_symbol_code_executes_zero_sql
tests/test_dc12r1_s2_supplier_scoped_retailer_login.py::TestProductionErrorContract::test_422_malformed_code_is_clean_envelope
  /tmp/dc12r1-v2-venv/lib/python3.12/site-packages/fastapi/routing.py:243: DeprecationWarning: 'HTTP_422_UNPROCESSABLE_ENTITY' is deprecated. Use 'HTTP_422_UNPROCESSABLE_CONTENT' instead.
    return await dependant.call(**values)

tests/test_dc12r1_j1_h2_b_r3_r1_user_role_assignment_async_serialization.py: 9 warnings
tests/test_dc12r1_j1_h2b_forgot_password_runtime_closure.py: 1 warning
tests/test_dc12r1_s1_h1_verification_token_terminal_state.py: 6 warnings
tests/test_u6c_signup_email_verification_skeleton.py: 18 warnings
tests/test_u6d_verify_email_endpoint.py: 7 warnings
tests/test_u6e_onboarding_status_endpoint.py: 14 warnings
tests/test_u6f_onboarding_auth_chain_closeout.py: 10 warnings
tests/test_u6i6_onboarding_e2e_closeout.py: 1 warning
tests/test_u6k_production_smtp_email_delivery.py: 5 warnings
tests/test_u6l_email_verified_onboarding_orchestration.py: 7 warnings
  /tmp/dc12r1-v2-worktree/backend/services/onboarding_service.py:299: DeprecationWarning: deprecated
    if request.password is not None:

tests/test_dc12r1_j1_h2_b_r3_r1_user_role_assignment_async_serialization.py: 9 warnings
tests/test_dc12r1_j1_h2b_forgot_password_runtime_closure.py: 1 warning
tests/test_dc12r1_s1_h1_verification_token_terminal_state.py: 6 warnings
tests/test_u6c_signup_email_verification_skeleton.py: 6 warnings
tests/test_u6d_verify_email_endpoint.py: 7 warnings
tests/test_u6e_onboarding_status_endpoint.py: 14 warnings
tests/test_u6f_onboarding_auth_chain_closeout.py: 10 warnings
tests/test_u6k_production_smtp_email_delivery.py: 5 warnings
tests/test_u6l_email_verified_onboarding_orchestration.py: 7 warnings
  /tmp/dc12r1-v2-worktree/backend/services/onboarding_service.py:300: DeprecationWarning: deprecated
    validate_signup_password(request.password)

tests/test_dc12r1_j1_h2_b_r3_r1_user_role_assignment_async_serialization.py: 9 warnings
tests/test_dc12r1_j1_h2b_forgot_password_runtime_closure.py: 1 warning
tests/test_dc12r1_s1_h1_verification_token_terminal_state.py: 6 warnings
tests/test_u6c_signup_email_verification_skeleton.py: 17 warnings
tests/test_u6d_verify_email_endpoint.py: 7 warnings
tests/test_u6e_onboarding_status_endpoint.py: 14 warnings
tests/test_u6f_onboarding_auth_chain_closeout.py: 9 warnings
tests/test_u6i6_onboarding_e2e_closeout.py: 1 warning
tests/test_u6k_production_smtp_email_delivery.py: 4 warnings
tests/test_u6l_email_verified_onboarding_orchestration.py: 7 warnings
  /tmp/dc12r1-v2-worktree/backend/api/v1/auth.py:154: DeprecationWarning: datetime.datetime.utcnow() is deprecated and scheduled for removal in a future version. Use timezone-aware objects to represent datetimes in UTC: datetime.datetime.now(datetime.UTC).
    timestamp=datetime.utcnow(),

tests/test_dc12r1_j1_h2_b_r3_r1_user_role_assignment_async_serialization.py: 9 warnings
tests/test_dc12r1_j1_h2b_forgot_password_runtime_closure.py: 1 warning
tests/test_dc12r1_s1_h1_verification_token_terminal_state.py: 1 warning
tests/test_u6d_verify_email_endpoint.py: 3 warnings
tests/test_u6e_onboarding_status_endpoint.py: 1 warning
tests/test_u6f_onboarding_auth_chain_closeout.py: 3 warnings
tests/test_u6i6_onboarding_e2e_closeout.py: 1 warning
tests/test_u6l_email_verified_onboarding_orchestration.py: 5 warnings
  /tmp/dc12r1-v2-worktree/backend/api/v1/auth.py:197: DeprecationWarning: datetime.datetime.utcnow() is deprecated and scheduled for removal in a future version. Use timezone-aware objects to represent datetimes in UTC: datetime.datetime.now(datetime.UTC).
    timestamp=datetime.utcnow(),

tests/test_dc12r1_j1_h2_b_r3_r1_user_role_assignment_async_serialization.py: 9 warnings
tests/test_dc12r1_j1_h2b_forgot_password_runtime_closure.py: 1 warning
tests/test_dc3b_credential_recovery_backend.py: 1 warning
tests/test_u6i5_owner_credential_setup_endpoint.py: 5 warnings
tests/test_u6i6_onboarding_e2e_closeout.py: 1 warning
tests/test_u6l_email_verified_onboarding_orchestration.py: 2 warnings
  /tmp/dc12r1-v2-worktree/backend/api/v1/auth.py:716: DeprecationWarning: datetime.datetime.utcnow() is deprecated and scheduled for removal in a future version. Use timezone-aware objects to represent datetimes in UTC: datetime.datetime.now(datetime.UTC).
    timestamp=datetime.utcnow(),

tests/test_dc12r1_j1_h2_b_r3_r1_user_role_assignment_async_serialization.py::test_t1_put_roles_200_full_scalars_and_admin_role
tests/test_dc12r1_j1_h2_b_r3_r1_user_role_assignment_async_serialization.py::test_t3_fresh_session_binding_persisted_exactly_once
tests/test_dc12r1_j1_h2_b_r3_r1_user_role_assignment_async_serialization.py::test_t4_invalid_role_exact_400_and_zero_partial_binding
tests/test_dc12r1_j1_h2_b_r3_r1_user_role_assignment_async_serialization.py::test_t6_dual_tenant_same_email_isolated_role_assignment
tests/test_dc12r1_j1_h2_b_r3_r1_user_role_assignment_async_serialization.py::test_t6_dual_tenant_same_email_isolated_role_assignment
tests/test_dc12r1_j1_h2_b_r3_r1_user_role_assignment_async_serialization.py::test_t7_real_permission_chain_and_denial
  /tmp/dc12r1-v2-worktree/backend/api/v1/users.py:133: DeprecationWarning: datetime.datetime.utcnow() is deprecated and scheduled for removal in a future version. Use timezone-aware objects to represent datetimes in UTC: datetime.datetime.now(datetime.UTC).
    timestamp=datetime.utcnow()

tests/test_dc12r1_j1_h2_b_r3_r1_user_role_assignment_async_serialization.py::test_t1_put_roles_200_full_scalars_and_admin_role
tests/test_dc12r1_j1_h2_b_r3_r1_user_role_assignment_async_serialization.py::test_t3_fresh_session_binding_persisted_exactly_once
tests/test_dc12r1_j1_h2_b_r3_r1_user_role_assignment_async_serialization.py::test_t3_fresh_session_binding_persisted_exactly_once
tests/test_dc12r1_j1_h2_b_r3_r1_user_role_assignment_async_serialization.py::test_t6_dual_tenant_same_email_isolated_role_assignment
tests/test_dc12r1_j1_h2_b_r3_r1_user_role_assignment_async_serialization.py::test_t6_dual_tenant_same_email_isolated_role_assignment
tests/test_dc12r1_j1_h2_b_r3_r1_user_role_assignment_async_serialization.py::test_t7_real_permission_chain_and_denial
  /tmp/dc12r1-v2-worktree/backend/api/v1/users.py:317: DeprecationWarning: datetime.datetime.utcnow() is deprecated and scheduled for removal in a future version. Use timezone-aware objects to represent datetimes in UTC: datetime.datetime.now(datetime.UTC).
    timestamp=datetime.utcnow()

tests/test_dc12r1_j1_h2_b_r3_r1_user_role_assignment_async_serialization.py::test_t6_dual_tenant_same_email_isolated_role_assignment
tests/test_dc12r1_j1_h2_b_r3_r1_user_role_assignment_async_serialization.py::test_t6_dual_tenant_same_email_isolated_role_assignment
  /tmp/dc12r1-v2-worktree/backend/api/v1/users.py:91: DeprecationWarning: datetime.datetime.utcnow() is deprecated and scheduled for removal in a future version. Use timezone-aware objects to represent datetimes in UTC: datetime.datetime.now(datetime.UTC).
    timestamp=datetime.utcnow()

tests/test_dc12r1_j1_h2a_cross_tenant_invitation_binding.py::test_lookup_http_response_carries_inviting_wholesaler_code
  /tmp/dc12r1-v2-worktree/backend/api/v1/invitations.py:101: DeprecationWarning: datetime.datetime.utcnow() is deprecated and scheduled for removal in a future version. Use timezone-aware objects to represent datetimes in UTC: datetime.datetime.now(datetime.UTC).
    return DataResponse(success=True, data=data, timestamp=datetime.utcnow())

tests/test_dc12r1_j1_h2a_cross_tenant_invitation_binding.py::test_lookup_http_response_carries_inviting_wholesaler_code
  /tmp/dc12r1-v2-worktree/backend/api/v1/invitations.py:85: DeprecationWarning: datetime.datetime.utcnow() is deprecated and scheduled for removal in a future version. Use timezone-aware objects to represent datetimes in UTC: datetime.datetime.now(datetime.UTC).
    return DataResponse(success=True, data=data, timestamp=datetime.utcnow())

tests/test_dc12r1_j1_h2a_r1_dual_entry_self_join.py::TestJoinIntentPrimitives::test_roundtrip_and_binding
  tests/test_dc12r1_j1_h2a_r1_dual_entry_self_join.py:195: PytestWarning: The test <Function test_roundtrip_and_binding> is marked with '@pytest.mark.asyncio' but it is not an async function. Please remove the asyncio mark. If the test is not marked explicitly, check for global marks applied via 'pytestmark'.
    def test_roundtrip_and_binding(self):

tests/test_dc12r1_j1_h2a_r1_dual_entry_self_join.py::TestJoinIntentPrimitives::test_tampered_signature_rejected
  tests/test_dc12r1_j1_h2a_r1_dual_entry_self_join.py:203: PytestWarning: The test <Function test_tampered_signature_rejected> is marked with '@pytest.mark.asyncio' but it is not an async function. Please remove the asyncio mark. If the test is not marked explicitly, check for global marks applied via 'pytestmark'.
    def test_tampered_signature_rejected(self):

tests/test_dc12r1_j1_h2a_r1_dual_entry_self_join.py::TestJoinIntentPrimitives::test_tampered_payload_rejected
  tests/test_dc12r1_j1_h2a_r1_dual_entry_self_join.py:211: PytestWarning: The test <Function test_tampered_payload_rejected> is marked with '@pytest.mark.asyncio' but it is not an async function. Please remove the asyncio mark. If the test is not marked explicitly, check for global marks applied via 'pytestmark'.
    def test_tampered_payload_rejected(self):

tests/test_dc12r1_j1_h2a_r1_dual_entry_self_join.py::TestJoinIntentPrimitives::test_expired_intent_rejected
  tests/test_dc12r1_j1_h2a_r1_dual_entry_self_join.py:230: PytestWarning: The test <Function test_expired_intent_rejected> is marked with '@pytest.mark.asyncio' but it is not an async function. Please remove the asyncio mark. If the test is not marked explicitly, check for global marks applied via 'pytestmark'.
    def test_expired_intent_rejected(self):

tests/test_dc12r1_j1_h2a_r1_dual_entry_self_join.py::TestJoinIntentPrimitives::test_malformed_intent_rejected
  tests/test_dc12r1_j1_h2a_r1_dual_entry_self_join.py:241: PytestWarning: The test <Function test_malformed_intent_rejected> is marked with '@pytest.mark.asyncio' but it is not an async function. Please remove the asyncio mark. If the test is not marked explicitly, check for global marks applied via 'pytestmark'.
    def test_malformed_intent_rejected(self):

tests/test_dc12r1_j1_h2a_r1_dual_entry_self_join.py::test_lookup_code_returns_safe_preview_and_intent
  /tmp/dc12r1-v2-worktree/backend/api/v1/public_join.py:87: DeprecationWarning: datetime.datetime.utcnow() is deprecated and scheduled for removal in a future version. Use timezone-aware objects to represent datetimes in UTC: datetime.datetime.now(datetime.UTC).
    return DataResponse(success=True, data=data, timestamp=datetime.utcnow())

tests/test_dc12r1_j1_h2a_r1_dual_entry_self_join.py::test_lookup_code_unknown_is_uniformly_neutral
tests/test_dc12r1_j1_h2a_r1_dual_entry_self_join.py::test_lookup_code_neutral_for_every_non_active_lifecycle
tests/test_dc12r1_j1_h2a_r1_dual_entry_self_join.py::test_lookup_code_neutral_for_every_non_active_lifecycle
tests/test_dc12r1_j1_h2a_r1_dual_entry_self_join.py::test_lookup_code_neutral_for_every_non_active_lifecycle
tests/test_dc12r1_j1_h2a_r1_dual_entry_self_join.py::test_lookup_code_neutral_for_every_non_active_lifecycle
tests/test_dc12r1_j1_h2a_r1_dual_entry_self_join.py::test_lookup_code_neutral_for_every_non_active_lifecycle
  /tmp/dc12r1-v2-worktree/backend/api/v1/public_join.py:71: DeprecationWarning: datetime.datetime.utcnow() is deprecated and scheduled for removal in a future version. Use timezone-aware objects to represent datetimes in UTC: datetime.datetime.now(datetime.UTC).
    timestamp=datetime.utcnow(),

tests/test_dc12r1_j1_h2a_r1_dual_entry_self_join.py::test_lookup_code_unknown_is_uniformly_neutral
  /tmp/dc12r1-v2-worktree/backend/api/v1/public_join.py:57: DeprecationWarning: datetime.datetime.utcnow() is deprecated and scheduled for removal in a future version. Use timezone-aware objects to represent datetimes in UTC: datetime.datetime.now(datetime.UTC).
    timestamp=datetime.utcnow(),

tests/test_dc12r1_j1_h2a_r1_dual_entry_self_join.py::test_register_via_join_intent_binds_to_signed_wholesaler
tests/test_dc12r1_j1_h2a_r1_dual_entry_self_join.py::test_register_both_or_neither_credential_rejected
tests/test_dc12r1_j1_h2a_r1_dual_entry_self_join.py::test_self_join_is_idempotent
tests/test_dc12r1_j1_h2a_r1_dual_entry_self_join.py::test_self_join_is_idempotent
tests/test_dc12r1_j1_h2a_r1_dual_entry_self_join.py::test_deactivate_is_tenant_scoped_and_idempotent
tests/test_dc12r1_j1_h2a_r1_dual_entry_self_join.py::test_list_derives_join_source
tests/test_dc12r1_j1_h2a_r1_dual_entry_self_join.py::test_list_derives_join_source
  /tmp/dc12r1-v2-worktree/backend/api/v1/retailers.py:151: DeprecationWarning: datetime.datetime.utcnow() is deprecated and scheduled for removal in a future version. Use timezone-aware objects to represent datetimes in UTC: datetime.datetime.now(datetime.UTC).
    return DataResponse(success=True, data=data, timestamp=datetime.utcnow())

tests/test_dc12r1_j1_h2a_r1_dual_entry_self_join.py::test_deactivate_is_tenant_scoped_and_idempotent
tests/test_dc12r1_j1_h2a_r1_dual_entry_self_join.py::test_deactivate_is_tenant_scoped_and_idempotent
  /tmp/dc12r1-v2-worktree/backend/api/v1/retailers.py:424: DeprecationWarning: datetime.datetime.utcnow() is deprecated and scheduled for removal in a future version. Use timezone-aware objects to represent datetimes in UTC: datetime.datetime.now(datetime.UTC).
    timestamp=datetime.utcnow(),

tests/test_dc12r1_j1_h2a_r1_dual_entry_self_join.py::test_list_derives_join_source
tests/test_s3a_fresh_tenant_runtime_smoke.py::TestFreshTenantAdminSmoke::test_retailers_list
tests/test_s3c_self_contained_fresh_tenant_live_proof.py::TestFreshEndpointSmoke::test_retailers_list
tests/test_u1r1_bootstrap_completeness.py::TestSidebarApiSmoke::test_sidebar_endpoint_returns_200[GET-/api/v1/retailers-Customers]
  /tmp/dc12r1-v2-worktree/backend/api/v1/retailers.py:374: DeprecationWarning: datetime.datetime.utcnow() is deprecated and scheduled for removal in a future version. Use timezone-aware objects to represent datetimes in UTC: datetime.datetime.now(datetime.UTC).
    return DataResponse(success=True, data=data, timestamp=datetime.utcnow())

tests/test_dc12r1_j1_h2b_forgot_password_runtime_closure.py: 13 warnings
tests/test_dc3b_credential_recovery_backend.py: 14 warnings
  /tmp/dc12r1-v2-worktree/backend/api/v1/auth.py:832: DeprecationWarning: datetime.datetime.utcnow() is deprecated and scheduled for removal in a future version. Use timezone-aware objects to represent datetimes in UTC: datetime.datetime.now(datetime.UTC).
    timestamp=datetime.utcnow(),

tests/test_dc12r1_j1_h2b_forgot_password_runtime_closure.py: 4 warnings
tests/test_dc3b_credential_recovery_backend.py: 6 warnings
  /tmp/dc12r1-v2-worktree/backend/api/v1/auth.py:974: DeprecationWarning: datetime.datetime.utcnow() is deprecated and scheduled for removal in a future version. Use timezone-aware objects to represent datetimes in UTC: datetime.datetime.now(datetime.UTC).
    timestamp=datetime.utcnow(),

tests/test_dc12r1_j1_h2c_retailer_recovery_discovery.py::test_hc07_hc10_canonical_neutrality_real_http
tests/test_dc12r1_j1_h2c_retailer_recovery_discovery.py::test_hc07_hc10_canonical_neutrality_real_http
tests/test_dc12r1_j1_h2c_retailer_recovery_discovery.py::test_hc07_hc10_canonical_neutrality_real_http
tests/test_dc12r1_j1_h2c_retailer_recovery_discovery.py::test_hc07_hc10_canonical_neutrality_real_http
tests/test_dc12r1_j1_h2c_retailer_recovery_discovery.py::test_fw3_canonical_assertion_fails_after_side_effects
  /tmp/dc12r1-v2-worktree/backend/api/v1/client/auth.py:387: DeprecationWarning: datetime.datetime.utcnow() is deprecated and scheduled for removal in a future version. Use timezone-aware objects to represent datetimes in UTC: datetime.datetime.now(datetime.UTC).
    timestamp=datetime.utcnow(),

tests/test_dc12r1_s1_r3_migration_contract.py::test_compatible_setup_token_table_accepted
  tests/test_dc12r1_s1_r3_migration_contract.py:90: PytestWarning: The test <Function test_compatible_setup_token_table_accepted> is marked with '@pytest.mark.asyncio' but it is not an async function. Please remove the asyncio mark. If the test is not marked explicitly, check for global marks applied via 'pytestmark'.
    def test_compatible_setup_token_table_accepted():

tests/test_dc12r1_s1_r3_migration_contract.py::test_malformed_setup_token_table_rejected[wrong_purpose_check-\n        CREATE TABLE public.retailer_credential_setup_tokens (\n            id UUID PRIMARY KEY DEFAULT gen_random_uuid(),\n            retailer_id UUID NOT NULL REFERENCES public.retailers(id) ON DELETE CASCADE,\n            binding_id UUID NOT NULL REFERENCES public.wholesaler_retailer_bindings(id) ON DELETE CASCADE,\n            issued_by_wholesaler_id UUID,\n            token_hash VARCHAR(128) NOT NULL,\n            purpose VARCHAR(64) NOT NULL DEFAULT 'retailer_credential_setup',\n            expires_at TIMESTAMPTZ NOT NULL,\n            used_at TIMESTAMPTZ,\n            revoked_at TIMESTAMPTZ,\n            created_at TIMESTAMPTZ NOT NULL DEFAULT now(),\n            updated_at TIMESTAMPTZ NOT NULL DEFAULT now(),\n            is_deleted BOOLEAN NOT NULL DEFAULT FALSE,\n            deleted_at TIMESTAMPTZ,\n            CONSTRAINT ck_retailer_credential_setup_tokens_purpose CHECK (purpose = 'wrong_purpose'),\n            CONSTRAINT ck_retailer_credential_setup_tokens_not_used_and_revoked CHECK (used_at IS NULL OR revoked_at IS NULL),\n            CONSTRAINT uq_retailer_credential_setup_tokens_token_hash UNIQUE (token_hash)\n        )\n    -extra_sql0]
  tests/test_dc12r1_s1_r3_migration_contract.py:104: PytestWarning: The test <Function test_malformed_setup_token_table_rejected[wrong_purpose_check-\n        CREATE TABLE public.retailer_credential_setup_tokens (\n            id UUID PRIMARY KEY DEFAULT gen_random_uuid(),\n            retailer_id UUID NOT NULL REFERENCES public.retailers(id) ON DELETE CASCADE,\n            binding_id UUID NOT NULL REFERENCES public.wholesaler_retailer_bindings(id) ON DELETE CASCADE,\n            issued_by_wholesaler_id UUID,\n            token_hash VARCHAR(128) NOT NULL,\n            purpose VARCHAR(64) NOT NULL DEFAULT 'retailer_credential_setup',\n            expires_at TIMESTAMPTZ NOT NULL,\n            used_at TIMESTAMPTZ,\n            revoked_at TIMESTAMPTZ,\n            created_at TIMESTAMPTZ NOT NULL DEFAULT now(),\n            updated_at TIMESTAMPTZ NOT NULL DEFAULT now(),\n            is_deleted BOOLEAN NOT NULL DEFAULT FALSE,\n            deleted_at TIMESTAMPTZ,\n            CONSTRAINT ck_retailer_credential_setup_tokens_purpose CHECK (purpose = 'wrong_purpose'),\n            CONSTRAINT ck_retailer_credential_setup_tokens_not_used_and_revoked CHECK (used_at IS NULL OR revoked_at IS NULL),\n            CONSTRAINT uq_retailer_credential_setup_tokens_token_hash UNIQUE (token_hash)\n        )\n    -extra_sql0]> is marked with '@pytest.mark.asyncio' but it is not an async function. Please remove the asyncio mark. If the test is not marked explicitly, check for global marks applied via 'pytestmark'.
    @pytest.mark.parametrize("label,replace_ddl,extra_sql", [

tests/test_dc12r1_s1_r3_migration_contract.py::test_malformed_setup_token_table_rejected[missing_used_revoked_check-\n        CREATE TABLE public.retailer_credential_setup_tokens (\n            id UUID PRIMARY KEY DEFAULT gen_random_uuid(),\n            retailer_id UUID NOT NULL REFERENCES public.retailers(id) ON DELETE CASCADE,\n            binding_id UUID NOT NULL REFERENCES public.wholesaler_retailer_bindings(id) ON DELETE CASCADE,\n            issued_by_wholesaler_id UUID,\n            token_hash VARCHAR(128) NOT NULL,\n            purpose VARCHAR(64) NOT NULL DEFAULT 'retailer_credential_setup',\n            expires_at TIMESTAMPTZ NOT NULL,\n            used_at TIMESTAMPTZ,\n            revoked_at TIMESTAMPTZ,\n            created_at TIMESTAMPTZ NOT NULL DEFAULT now(),\n            updated_at TIMESTAMPTZ NOT NULL DEFAULT now(),\n            is_deleted BOOLEAN NOT NULL DEFAULT FALSE,\n            deleted_at TIMESTAMPTZ,\n            CONSTRAINT ck_retailer_credential_setup_tokens_purpose CHECK (purpose = 'retailer_credential_setup'),\n            \n            CONSTRAINT uq_retailer_credential_setup_tokens_token_hash UNIQUE (token_hash)\n        )\n    -extra_sql1]
  tests/test_dc12r1_s1_r3_migration_contract.py:104: PytestWarning: The test <Function test_malformed_setup_token_table_rejected[missing_used_revoked_check-\n        CREATE TABLE public.retailer_credential_setup_tokens (\n            id UUID PRIMARY KEY DEFAULT gen_random_uuid(),\n            retailer_id UUID NOT NULL REFERENCES public.retailers(id) ON DELETE CASCADE,\n            binding_id UUID NOT NULL REFERENCES public.wholesaler_retailer_bindings(id) ON DELETE CASCADE,\n            issued_by_wholesaler_id UUID,\n            token_hash VARCHAR(128) NOT NULL,\n            purpose VARCHAR(64) NOT NULL DEFAULT 'retailer_credential_setup',\n            expires_at TIMESTAMPTZ NOT NULL,\n            used_at TIMESTAMPTZ,\n            revoked_at TIMESTAMPTZ,\n            created_at TIMESTAMPTZ NOT NULL DEFAULT now(),\n            updated_at TIMESTAMPTZ NOT NULL DEFAULT now(),\n            is_deleted BOOLEAN NOT NULL DEFAULT FALSE,\n            deleted_at TIMESTAMPTZ,\n            CONSTRAINT ck_retailer_credential_setup_tokens_purpose CHECK (purpose = 'retailer_credential_setup'),\n            \n            CONSTRAINT uq_retailer_credential_setup_tokens_token_hash UNIQUE (token_hash)\n        )\n    -extra_sql1]> is marked with '@pytest.mark.asyncio' but it is not an async function. Please remove the asyncio mark. If the test is not marked explicitly, check for global marks applied via 'pytestmark'.
    @pytest.mark.parametrize("label,replace_ddl,extra_sql", [

tests/test_dc12r1_s1_r3_migration_contract.py::test_malformed_setup_token_table_rejected[token_hash_not_unique-\n        CREATE TABLE public.retailer_credential_setup_tokens (\n            id UUID PRIMARY KEY DEFAULT gen_random_uuid(),\n            retailer_id UUID NOT NULL REFERENCES public.retailers(id) ON DELETE CASCADE,\n            binding_id UUID NOT NULL REFERENCES public.wholesaler_retailer_bindings(id) ON DELETE CASCADE,\n            issued_by_wholesaler_id UUID,\n            token_hash VARCHAR(128) NOT NULL,\n            purpose VARCHAR(64) NOT NULL DEFAULT 'retailer_credential_setup',\n            expires_at TIMESTAMPTZ NOT NULL,\n            used_at TIMESTAMPTZ,\n            revoked_at TIMESTAMPTZ,\n            created_at TIMESTAMPTZ NOT NULL DEFAULT now(),\n            updated_at TIMESTAMPTZ NOT NULL DEFAULT now(),\n            is_deleted BOOLEAN NOT NULL DEFAULT FALSE,\n            deleted_at TIMESTAMPTZ,\n            CONSTRAINT ck_retailer_credential_setup_tokens_purpose CHECK (purpose = 'retailer_credential_setup'),\n            CONSTRAINT ck_retailer_credential_setup_tokens_not_used_and_revoked CHECK (used_at IS NULL OR revoked_at IS NULL)\n        )\n    -extra_sql2]
  tests/test_dc12r1_s1_r3_migration_contract.py:104: PytestWarning: The test <Function test_malformed_setup_token_table_rejected[token_hash_not_unique-\n        CREATE TABLE public.retailer_credential_setup_tokens (\n            id UUID PRIMARY KEY DEFAULT gen_random_uuid(),\n            retailer_id UUID NOT NULL REFERENCES public.retailers(id) ON DELETE CASCADE,\n            binding_id UUID NOT NULL REFERENCES public.wholesaler_retailer_bindings(id) ON DELETE CASCADE,\n            issued_by_wholesaler_id UUID,\n            token_hash VARCHAR(128) NOT NULL,\n            purpose VARCHAR(64) NOT NULL DEFAULT 'retailer_credential_setup',\n            expires_at TIMESTAMPTZ NOT NULL,\n            used_at TIMESTAMPTZ,\n            revoked_at TIMESTAMPTZ,\n            created_at TIMESTAMPTZ NOT NULL DEFAULT now(),\n            updated_at TIMESTAMPTZ NOT NULL DEFAULT now(),\n            is_deleted BOOLEAN NOT NULL DEFAULT FALSE,\n            deleted_at TIMESTAMPTZ,\n            CONSTRAINT ck_retailer_credential_setup_tokens_purpose CHECK (purpose = 'retailer_credential_setup'),\n            CONSTRAINT ck_retailer_credential_setup_tokens_not_used_and_revoked CHECK (used_at IS NULL OR revoked_at IS NULL)\n        )\n    -extra_sql2]> is marked with '@pytest.mark.asyncio' but it is not an async function. Please remove the asyncio mark. If the test is not marked explicitly, check for global marks applied via 'pytestmark'.
    @pytest.mark.parametrize("label,replace_ddl,extra_sql", [

tests/test_dc12r1_s1_r3_migration_contract.py::test_malformed_setup_token_table_rejected[fk_missing_cascade-\n        CREATE TABLE public.retailer_credential_setup_tokens (\n            id UUID PRIMARY KEY DEFAULT gen_random_uuid(),\n            retailer_id UUID NOT NULL REFERENCES public.retailers(id),\n            binding_id UUID NOT NULL REFERENCES public.wholesaler_retailer_bindings(id) ON DELETE CASCADE,\n            issued_by_wholesaler_id UUID,\n            token_hash VARCHAR(128) NOT NULL,\n            purpose VARCHAR(64) NOT NULL DEFAULT 'retailer_credential_setup',\n            expires_at TIMESTAMPTZ NOT NULL,\n            used_at TIMESTAMPTZ,\n            revoked_at TIMESTAMPTZ,\n            created_at TIMESTAMPTZ NOT NULL DEFAULT now(),\n            updated_at TIMESTAMPTZ NOT NULL DEFAULT now(),\n            is_deleted BOOLEAN NOT NULL DEFAULT FALSE,\n            deleted_at TIMESTAMPTZ,\n            CONSTRAINT ck_retailer_credential_setup_tokens_purpose CHECK (purpose = 'retailer_credential_setup'),\n            CONSTRAINT ck_retailer_credential_setup_tokens_not_used_and_revoked CHECK (used_at IS NULL OR revoked_at IS NULL),\n            CONSTRAINT uq_retailer_credential_setup_tokens_token_hash UNIQUE (token_hash)\n        )\n    -extra_sql3]
  tests/test_dc12r1_s1_r3_migration_contract.py:104: PytestWarning: The test <Function test_malformed_setup_token_table_rejected[fk_missing_cascade-\n        CREATE TABLE public.retailer_credential_setup_tokens (\n            id UUID PRIMARY KEY DEFAULT gen_random_uuid(),\n            retailer_id UUID NOT NULL REFERENCES public.retailers(id),\n            binding_id UUID NOT NULL REFERENCES public.wholesaler_retailer_bindings(id) ON DELETE CASCADE,\n            issued_by_wholesaler_id UUID,\n            token_hash VARCHAR(128) NOT NULL,\n            purpose VARCHAR(64) NOT NULL DEFAULT 'retailer_credential_setup',\n            expires_at TIMESTAMPTZ NOT NULL,\n            used_at TIMESTAMPTZ,\n            revoked_at TIMESTAMPTZ,\n            created_at TIMESTAMPTZ NOT NULL DEFAULT now(),\n            updated_at TIMESTAMPTZ NOT NULL DEFAULT now(),\n            is_deleted BOOLEAN NOT NULL DEFAULT FALSE,\n            deleted_at TIMESTAMPTZ,\n            CONSTRAINT ck_retailer_credential_setup_tokens_purpose CHECK (purpose = 'retailer_credential_setup'),\n            CONSTRAINT ck_retailer_credential_setup_tokens_not_used_and_revoked CHECK (used_at IS NULL OR revoked_at IS NULL),\n            CONSTRAINT uq_retailer_credential_setup_tokens_token_hash UNIQUE (token_hash)\n        )\n    -extra_sql3]> is marked with '@pytest.mark.asyncio' but it is not an async function. Please remove the asyncio mark. If the test is not marked explicitly, check for global marks applied via 'pytestmark'.
    @pytest.mark.parametrize("label,replace_ddl,extra_sql", [

tests/test_dc12r1_s1_r3_migration_contract.py::test_malformed_setup_token_table_rejected[wrong_column_type-\n        CREATE TABLE public.retailer_credential_setup_tokens (\n            id UUID PRIMARY KEY DEFAULT gen_random_uuid(),\n            retailer_id UUID NOT NULL REFERENCES public.retailers(id) ON DELETE CASCADE,\n            binding_id UUID NOT NULL REFERENCES public.wholesaler_retailer_bindings(id) ON DELETE CASCADE,\n            issued_by_wholesaler_id UUID,\n            token_hash TEXT NOT NULL,\n            purpose VARCHAR(64) NOT NULL DEFAULT 'retailer_credential_setup',\n            expires_at TIMESTAMPTZ NOT NULL,\n            used_at TIMESTAMPTZ,\n            revoked_at TIMESTAMPTZ,\n            created_at TIMESTAMPTZ NOT NULL DEFAULT now(),\n            updated_at TIMESTAMPTZ NOT NULL DEFAULT now(),\n            is_deleted BOOLEAN NOT NULL DEFAULT FALSE,\n            deleted_at TIMESTAMPTZ,\n            CONSTRAINT ck_retailer_credential_setup_tokens_purpose CHECK (purpose = 'retailer_credential_setup'),\n            CONSTRAINT ck_retailer_credential_setup_tokens_not_used_and_revoked CHECK (used_at IS NULL OR revoked_at IS NULL),\n            CONSTRAINT uq_retailer_credential_setup_tokens_token_hash UNIQUE (token_hash)\n        )\n    -extra_sql4]
  tests/test_dc12r1_s1_r3_migration_contract.py:104: PytestWarning: The test <Function test_malformed_setup_token_table_rejected[wrong_column_type-\n        CREATE TABLE public.retailer_credential_setup_tokens (\n            id UUID PRIMARY KEY DEFAULT gen_random_uuid(),\n            retailer_id UUID NOT NULL REFERENCES public.retailers(id) ON DELETE CASCADE,\n            binding_id UUID NOT NULL REFERENCES public.wholesaler_retailer_bindings(id) ON DELETE CASCADE,\n            issued_by_wholesaler_id UUID,\n            token_hash TEXT NOT NULL,\n            purpose VARCHAR(64) NOT NULL DEFAULT 'retailer_credential_setup',\n            expires_at TIMESTAMPTZ NOT NULL,\n            used_at TIMESTAMPTZ,\n            revoked_at TIMESTAMPTZ,\n            created_at TIMESTAMPTZ NOT NULL DEFAULT now(),\n            updated_at TIMESTAMPTZ NOT NULL DEFAULT now(),\n            is_deleted BOOLEAN NOT NULL DEFAULT FALSE,\n            deleted_at TIMESTAMPTZ,\n            CONSTRAINT ck_retailer_credential_setup_tokens_purpose CHECK (purpose = 'retailer_credential_setup'),\n            CONSTRAINT ck_retailer_credential_setup_tokens_not_used_and_revoked CHECK (used_at IS NULL OR revoked_at IS NULL),\n            CONSTRAINT uq_retailer_credential_setup_tokens_token_hash UNIQUE (token_hash)\n        )\n    -extra_sql4]> is marked with '@pytest.mark.asyncio' but it is not an async function. Please remove the asyncio mark. If the test is not marked explicitly, check for global marks applied via 'pytestmark'.
    @pytest.mark.parametrize("label,replace_ddl,extra_sql", [

tests/test_dc12r1_s1_r3_migration_contract.py::test_malformed_setup_token_table_rejected[nullable_should_be_not_null-\n        CREATE TABLE public.retailer_credential_setup_tokens (\n            id UUID PRIMARY KEY DEFAULT gen_random_uuid(),\n            retailer_id UUID NOT NULL REFERENCES public.retailers(id) ON DELETE CASCADE,\n            binding_id UUID NOT NULL REFERENCES public.wholesaler_retailer_bindings(id) ON DELETE CASCADE,\n            issued_by_wholesaler_id UUID,\n            token_hash VARCHAR(128),\n            purpose VARCHAR(64) NOT NULL DEFAULT 'retailer_credential_setup',\n            expires_at TIMESTAMPTZ NOT NULL,\n            used_at TIMESTAMPTZ,\n            revoked_at TIMESTAMPTZ,\n            created_at TIMESTAMPTZ NOT NULL DEFAULT now(),\n            updated_at TIMESTAMPTZ NOT NULL DEFAULT now(),\n            is_deleted BOOLEAN NOT NULL DEFAULT FALSE,\n            deleted_at TIMESTAMPTZ,\n            CONSTRAINT ck_retailer_credential_setup_tokens_purpose CHECK (purpose = 'retailer_credential_setup'),\n            CONSTRAINT ck_retailer_credential_setup_tokens_not_used_and_revoked CHECK (used_at IS NULL OR revoked_at IS NULL),\n            CONSTRAINT uq_retailer_credential_setup_tokens_token_hash UNIQUE (token_hash)\n        )\n    -extra_sql5]
  tests/test_dc12r1_s1_r3_migration_contract.py:104: PytestWarning: The test <Function test_malformed_setup_token_table_rejected[nullable_should_be_not_null-\n        CREATE TABLE public.retailer_credential_setup_tokens (\n            id UUID PRIMARY KEY DEFAULT gen_random_uuid(),\n            retailer_id UUID NOT NULL REFERENCES public.retailers(id) ON DELETE CASCADE,\n            binding_id UUID NOT NULL REFERENCES public.wholesaler_retailer_bindings(id) ON DELETE CASCADE,\n            issued_by_wholesaler_id UUID,\n            token_hash VARCHAR(128),\n            purpose VARCHAR(64) NOT NULL DEFAULT 'retailer_credential_setup',\n            expires_at TIMESTAMPTZ NOT NULL,\n            used_at TIMESTAMPTZ,\n            revoked_at TIMESTAMPTZ,\n            created_at TIMESTAMPTZ NOT NULL DEFAULT now(),\n            updated_at TIMESTAMPTZ NOT NULL DEFAULT now(),\n            is_deleted BOOLEAN NOT NULL DEFAULT FALSE,\n            deleted_at TIMESTAMPTZ,\n            CONSTRAINT ck_retailer_credential_setup_tokens_purpose CHECK (purpose = 'retailer_credential_setup'),\n            CONSTRAINT ck_retailer_credential_setup_tokens_not_used_and_revoked CHECK (used_at IS NULL OR revoked_at IS NULL),\n            CONSTRAINT uq_retailer_credential_setup_tokens_token_hash UNIQUE (token_hash)\n        )\n    -extra_sql5]> is marked with '@pytest.mark.asyncio' but it is not an async function. Please remove the asyncio mark. If the test is not marked explicitly, check for global marks applied via 'pytestmark'.
    @pytest.mark.parametrize("label,replace_ddl,extra_sql", [

tests/test_dc12r1_s1_r3_migration_contract.py::test_malformed_setup_token_table_rejected[missing_issued_by_column-\n        CREATE TABLE public.retailer_credential_setup_tokens (\n            id UUID PRIMARY KEY DEFAULT gen_random_uuid(),\n            retailer_id UUID NOT NULL REFERENCES public.retailers(id) ON DELETE CASCADE,\n            binding_id UUID NOT NULL REFERENCES public.wholesaler_retailer_bindings(id) ON DELETE CASCADE,\n            \n            token_hash VARCHAR(128) NOT NULL,\n            purpose VARCHAR(64) NOT NULL DEFAULT 'retailer_credential_setup',\n            expires_at TIMESTAMPTZ NOT NULL,\n            used_at TIMESTAMPTZ,\n            revoked_at TIMESTAMPTZ,\n            created_at TIMESTAMPTZ NOT NULL DEFAULT now(),\n            updated_at TIMESTAMPTZ NOT NULL DEFAULT now(),\n            is_deleted BOOLEAN NOT NULL DEFAULT FALSE,\n            deleted_at TIMESTAMPTZ,\n            CONSTRAINT ck_retailer_credential_setup_tokens_purpose CHECK (purpose = 'retailer_credential_setup'),\n            CONSTRAINT ck_retailer_credential_setup_tokens_not_used_and_revoked CHECK (used_at IS NULL OR revoked_at IS NULL),\n            CONSTRAINT uq_retailer_credential_setup_tokens_token_hash UNIQUE (token_hash)\n        )\n    -extra_sql6]
  tests/test_dc12r1_s1_r3_migration_contract.py:104: PytestWarning: The test <Function test_malformed_setup_token_table_rejected[missing_issued_by_column-\n        CREATE TABLE public.retailer_credential_setup_tokens (\n            id UUID PRIMARY KEY DEFAULT gen_random_uuid(),\n            retailer_id UUID NOT NULL REFERENCES public.retailers(id) ON DELETE CASCADE,\n            binding_id UUID NOT NULL REFERENCES public.wholesaler_retailer_bindings(id) ON DELETE CASCADE,\n            \n            token_hash VARCHAR(128) NOT NULL,\n            purpose VARCHAR(64) NOT NULL DEFAULT 'retailer_credential_setup',\n            expires_at TIMESTAMPTZ NOT NULL,\n            used_at TIMESTAMPTZ,\n            revoked_at TIMESTAMPTZ,\n            created_at TIMESTAMPTZ NOT NULL DEFAULT now(),\n            updated_at TIMESTAMPTZ NOT NULL DEFAULT now(),\n            is_deleted BOOLEAN NOT NULL DEFAULT FALSE,\n            deleted_at TIMESTAMPTZ,\n            CONSTRAINT ck_retailer_credential_setup_tokens_purpose CHECK (purpose = 'retailer_credential_setup'),\n            CONSTRAINT ck_retailer_credential_setup_tokens_not_used_and_revoked CHECK (used_at IS NULL OR revoked_at IS NULL),\n            CONSTRAINT uq_retailer_credential_setup_tokens_token_hash UNIQUE (token_hash)\n        )\n    -extra_sql6]> is marked with '@pytest.mark.asyncio' but it is not an async function. Please remove the asyncio mark. If the test is not marked explicitly, check for global marks applied via 'pytestmark'.
    @pytest.mark.parametrize("label,replace_ddl,extra_sql", [

tests/test_dc12r1_s1_r3_migration_contract.py::test_malformed_setup_token_table_rejected[nonunique_active_index-\n        CREATE TABLE public.retailer_credential_setup_tokens (\n            id UUID PRIMARY KEY DEFAULT gen_random_uuid(),\n            retailer_id UUID NOT NULL REFERENCES public.retailers(id) ON DELETE CASCADE,\n            binding_id UUID NOT NULL REFERENCES public.wholesaler_retailer_bindings(id) ON DELETE CASCADE,\n            issued_by_wholesaler_id UUID,\n            token_hash VARCHAR(128) NOT NULL,\n            purpose VARCHAR(64) NOT NULL DEFAULT 'retailer_credential_setup',\n            expires_at TIMESTAMPTZ NOT NULL,\n            used_at TIMESTAMPTZ,\n            revoked_at TIMESTAMPTZ,\n            created_at TIMESTAMPTZ NOT NULL DEFAULT now(),\n            updated_at TIMESTAMPTZ NOT NULL DEFAULT now(),\n            is_deleted BOOLEAN NOT NULL DEFAULT FALSE,\n            deleted_at TIMESTAMPTZ,\n            CONSTRAINT ck_retailer_credential_setup_tokens_purpose CHECK (purpose = 'retailer_credential_setup'),\n            CONSTRAINT ck_retailer_credential_setup_tokens_not_used_and_revoked CHECK (used_at IS NULL OR revoked_at IS NULL),\n            CONSTRAINT uq_retailer_credential_setup_tokens_token_hash UNIQUE (token_hash)\n        )\n    -extra_sql7]
  tests/test_dc12r1_s1_r3_migration_contract.py:104: PytestWarning: The test <Function test_malformed_setup_token_table_rejected[nonunique_active_index-\n        CREATE TABLE public.retailer_credential_setup_tokens (\n            id UUID PRIMARY KEY DEFAULT gen_random_uuid(),\n            retailer_id UUID NOT NULL REFERENCES public.retailers(id) ON DELETE CASCADE,\n            binding_id UUID NOT NULL REFERENCES public.wholesaler_retailer_bindings(id) ON DELETE CASCADE,\n            issued_by_wholesaler_id UUID,\n            token_hash VARCHAR(128) NOT NULL,\n            purpose VARCHAR(64) NOT NULL DEFAULT 'retailer_credential_setup',\n            expires_at TIMESTAMPTZ NOT NULL,\n            used_at TIMESTAMPTZ,\n            revoked_at TIMESTAMPTZ,\n            created_at TIMESTAMPTZ NOT NULL DEFAULT now(),\n            updated_at TIMESTAMPTZ NOT NULL DEFAULT now(),\n            is_deleted BOOLEAN NOT NULL DEFAULT FALSE,\n            deleted_at TIMESTAMPTZ,\n            CONSTRAINT ck_retailer_credential_setup_tokens_purpose CHECK (purpose = 'retailer_credential_setup'),\n            CONSTRAINT ck_retailer_credential_setup_tokens_not_used_and_revoked CHECK (used_at IS NULL OR revoked_at IS NULL),\n            CONSTRAINT uq_retailer_credential_setup_tokens_token_hash UNIQUE (token_hash)\n        )\n    -extra_sql7]> is marked with '@pytest.mark.asyncio' but it is not an async function. Please remove the asyncio mark. If the test is not marked explicitly, check for global marks applied via 'pytestmark'.
    @pytest.mark.parametrize("label,replace_ddl,extra_sql", [

tests/test_dc12r1_s1_r3_migration_contract.py::test_malformed_setup_token_table_rejected[wrong_key_in_active_index-\n        CREATE TABLE public.retailer_credential_setup_tokens (\n            id UUID PRIMARY KEY DEFAULT gen_random_uuid(),\n            retailer_id UUID NOT NULL REFERENCES public.retailers(id) ON DELETE CASCADE,\n            binding_id UUID NOT NULL REFERENCES public.wholesaler_retailer_bindings(id) ON DELETE CASCADE,\n            issued_by_wholesaler_id UUID,\n            token_hash VARCHAR(128) NOT NULL,\n            purpose VARCHAR(64) NOT NULL DEFAULT 'retailer_credential_setup',\n            expires_at TIMESTAMPTZ NOT NULL,\n            used_at TIMESTAMPTZ,\n            revoked_at TIMESTAMPTZ,\n            created_at TIMESTAMPTZ NOT NULL DEFAULT now(),\n            updated_at TIMESTAMPTZ NOT NULL DEFAULT now(),\n            is_deleted BOOLEAN NOT NULL DEFAULT FALSE,\n            deleted_at TIMESTAMPTZ,\n            CONSTRAINT ck_retailer_credential_setup_tokens_purpose CHECK (purpose = 'retailer_credential_setup'),\n            CONSTRAINT ck_retailer_credential_setup_tokens_not_used_and_revoked CHECK (used_at IS NULL OR revoked_at IS NULL),\n            CONSTRAINT uq_retailer_credential_setup_tokens_token_hash UNIQUE (token_hash)\n        )\n    -extra_sql8]
  tests/test_dc12r1_s1_r3_migration_contract.py:104: PytestWarning: The test <Function test_malformed_setup_token_table_rejected[wrong_key_in_active_index-\n        CREATE TABLE public.retailer_credential_setup_tokens (\n            id UUID PRIMARY KEY DEFAULT gen_random_uuid(),\n            retailer_id UUID NOT NULL REFERENCES public.retailers(id) ON DELETE CASCADE,\n            binding_id UUID NOT NULL REFERENCES public.wholesaler_retailer_bindings(id) ON DELETE CASCADE,\n            issued_by_wholesaler_id UUID,\n            token_hash VARCHAR(128) NOT NULL,\n            purpose VARCHAR(64) NOT NULL DEFAULT 'retailer_credential_setup',\n            expires_at TIMESTAMPTZ NOT NULL,\n            used_at TIMESTAMPTZ,\n            revoked_at TIMESTAMPTZ,\n            created_at TIMESTAMPTZ NOT NULL DEFAULT now(),\n            updated_at TIMESTAMPTZ NOT NULL DEFAULT now(),\n            is_deleted BOOLEAN NOT NULL DEFAULT FALSE,\n            deleted_at TIMESTAMPTZ,\n            CONSTRAINT ck_retailer_credential_setup_tokens_purpose CHECK (purpose = 'retailer_credential_setup'),\n            CONSTRAINT ck_retailer_credential_setup_tokens_not_used_and_revoked CHECK (used_at IS NULL OR revoked_at IS NULL),\n            CONSTRAINT uq_retailer_credential_setup_tokens_token_hash UNIQUE (token_hash)\n        )\n    -extra_sql8]> is marked with '@pytest.mark.asyncio' but it is not an async function. Please remove the asyncio mark. If the test is not marked explicitly, check for global marks applied via 'pytestmark'.
    @pytest.mark.parametrize("label,replace_ddl,extra_sql", [

tests/test_dc12r1_s1_r3_migration_contract.py::test_malformed_setup_token_table_rejected[wrong_predicate_in_active_index-\n        CREATE TABLE public.retailer_credential_setup_tokens (\n            id UUID PRIMARY KEY DEFAULT gen_random_uuid(),\n            retailer_id UUID NOT NULL REFERENCES public.retailers(id) ON DELETE CASCADE,\n            binding_id UUID NOT NULL REFERENCES public.wholesaler_retailer_bindings(id) ON DELETE CASCADE,\n            issued_by_wholesaler_id UUID,\n            token_hash VARCHAR(128) NOT NULL,\n            purpose VARCHAR(64) NOT NULL DEFAULT 'retailer_credential_setup',\n            expires_at TIMESTAMPTZ NOT NULL,\n            used_at TIMESTAMPTZ,\n            revoked_at TIMESTAMPTZ,\n            created_at TIMESTAMPTZ NOT NULL DEFAULT now(),\n            updated_at TIMESTAMPTZ NOT NULL DEFAULT now(),\n            is_deleted BOOLEAN NOT NULL DEFAULT FALSE,\n            deleted_at TIMESTAMPTZ,\n            CONSTRAINT ck_retailer_credential_setup_tokens_purpose CHECK (purpose = 'retailer_credential_setup'),\n            CONSTRAINT ck_retailer_credential_setup_tokens_not_used_and_revoked CHECK (used_at IS NULL OR revoked_at IS NULL),\n            CONSTRAINT uq_retailer_credential_setup_tokens_token_hash UNIQUE (token_hash)\n        )\n    -extra_sql9]
  tests/test_dc12r1_s1_r3_migration_contract.py:104: PytestWarning: The test <Function test_malformed_setup_token_table_rejected[wrong_predicate_in_active_index-\n        CREATE TABLE public.retailer_credential_setup_tokens (\n            id UUID PRIMARY KEY DEFAULT gen_random_uuid(),\n            retailer_id UUID NOT NULL REFERENCES public.retailers(id) ON DELETE CASCADE,\n            binding_id UUID NOT NULL REFERENCES public.wholesaler_retailer_bindings(id) ON DELETE CASCADE,\n            issued_by_wholesaler_id UUID,\n            token_hash VARCHAR(128) NOT NULL,\n            purpose VARCHAR(64) NOT NULL DEFAULT 'retailer_credential_setup',\n            expires_at TIMESTAMPTZ NOT NULL,\n            used_at TIMESTAMPTZ,\n            revoked_at TIMESTAMPTZ,\n            created_at TIMESTAMPTZ NOT NULL DEFAULT now(),\n            updated_at TIMESTAMPTZ NOT NULL DEFAULT now(),\n            is_deleted BOOLEAN NOT NULL DEFAULT FALSE,\n            deleted_at TIMESTAMPTZ,\n            CONSTRAINT ck_retailer_credential_setup_tokens_purpose CHECK (purpose = 'retailer_credential_setup'),\n            CONSTRAINT ck_retailer_credential_setup_tokens_not_used_and_revoked CHECK (used_at IS NULL OR revoked_at IS NULL),\n            CONSTRAINT uq_retailer_credential_setup_tokens_token_hash UNIQUE (token_hash)\n        )\n    -extra_sql9]> is marked with '@pytest.mark.asyncio' but it is not an async function. Please remove the asyncio mark. If the test is not marked explicitly, check for global marks applied via 'pytestmark'.
    @pytest.mark.parametrize("label,replace_ddl,extra_sql", [

tests/test_dc12r1_s2_supplier_scoped_retailer_login.py::TestRefreshPreservesContext::test_refresh_returns_same_tenant_context
  /tmp/dc12r1-v2-worktree/backend/api/v1/auth.py:534: DeprecationWarning: datetime.datetime.utcnow() is deprecated and scheduled for removal in a future version. Use timezone-aware objects to represent datetimes in UTC: datetime.datetime.now(datetime.UTC).
    timestamp=datetime.utcnow(),

tests/test_dc12r1_s2_supplier_scoped_retailer_login.py::TestRefreshPreservesContext::test_logout_succeeds
  /tmp/dc12r1-v2-worktree/backend/api/v1/auth.py:568: DeprecationWarning: datetime.datetime.utcnow() is deprecated and scheduled for removal in a future version. Use timezone-aware objects to represent datetimes in UTC: datetime.datetime.now(datetime.UTC).
    timestamp=datetime.utcnow()

tests/test_dc12r1_s2_supplier_scoped_retailer_login.py::TestRealRegisteredRouteDenials::test_retailer_can_still_use_permitted_client_route
tests/test_dc12r1_s3_s1_catalog_order_hardening.py::TestHappyPathPreserved::test_catalog_readable
  /tmp/dc12r1-v2-worktree/backend/api/v1/client/products.py:136: DeprecationWarning: datetime.datetime.utcnow() is deprecated and scheduled for removal in a future version. Use timezone-aware objects to represent datetimes in UTC: datetime.datetime.now(datetime.UTC).
    timestamp=datetime.utcnow(),

tests/test_dc12r1_s3_s1_catalog_order_hardening.py: 10 warnings
  /tmp/dc12r1-v2-worktree/backend/api/v1/client/orders.py:214: DeprecationWarning: datetime.datetime.utcnow() is deprecated and scheduled for removal in a future version. Use timezone-aware objects to represent datetimes in UTC: datetime.datetime.now(datetime.UTC).
    timestamp=datetime.utcnow(),

tests/test_dc12r1_s3_s1_catalog_order_hardening.py: 5 warnings
tests/test_pw1r4_cross_tenant_statement_cache.py: 6 warnings
  /tmp/dc12r1-v2-worktree/backend/api/v1/client/orders.py:274: DeprecationWarning: datetime.datetime.utcnow() is deprecated and scheduled for removal in a future version. Use timezone-aware objects to represent datetimes in UTC: datetime.datetime.now(datetime.UTC).
    timestamp=datetime.utcnow(),

tests/test_dc12r1_s3_s1_catalog_order_hardening.py::TestHappyPathPreserved::test_order_lifecycle
  /tmp/dc12r1-v2-worktree/backend/api/v1/client/orders.py:316: DeprecationWarning: datetime.datetime.utcnow() is deprecated and scheduled for removal in a future version. Use timezone-aware objects to represent datetimes in UTC: datetime.datetime.now(datetime.UTC).
    timestamp=datetime.utcnow(),

tests/test_dc12r1_s3_s1_catalog_order_hardening.py::TestHappyPathPreserved::test_order_lifecycle
  /tmp/dc12r1-v2-worktree/backend/api/v1/client/orders.py:443: DeprecationWarning: datetime.datetime.utcnow() is deprecated and scheduled for removal in a future version. Use timezone-aware objects to represent datetimes in UTC: datetime.datetime.now(datetime.UTC).
    timestamp=datetime.utcnow(),

tests/test_dc12r1_s3_s1_catalog_order_hardening.py::TestGap07GovernanceFreeze::test_no_client_route_requires_client_payments_create
  tests/test_dc12r1_s3_s1_catalog_order_hardening.py:560: PytestWarning: The test <Function test_no_client_route_requires_client_payments_create> is marked with '@pytest.mark.asyncio' but it is not an async function. Please remove the asyncio mark. If the test is not marked explicitly, check for global marks applied via 'pytestmark'.
    def test_no_client_route_requires_client_payments_create(self):

tests/test_dc12r1_s3_s1_catalog_order_hardening.py::TestGap07GovernanceFreeze::test_no_unexpected_client_mutation_route
  tests/test_dc12r1_s3_s1_catalog_order_hardening.py:565: PytestWarning: The test <Function test_no_unexpected_client_mutation_route> is marked with '@pytest.mark.asyncio' but it is not an async function. Please remove the asyncio mark. If the test is not marked explicitly, check for global marks applied via 'pytestmark'.
    def test_no_unexpected_client_mutation_route(self):

tests/test_dc12r1_s3_s1_catalog_order_hardening.py::TestClientRouteAllowlist::test_exact_client_route_inventory
  tests/test_dc12r1_s3_s1_catalog_order_hardening.py:632: PytestWarning: The test <Function test_exact_client_route_inventory> is marked with '@pytest.mark.asyncio' but it is not an async function. Please remove the asyncio mark. If the test is not marked explicitly, check for global marks applied via 'pytestmark'.
    def test_exact_client_route_inventory(self):

tests/test_dc12r1_s3_s1_catalog_order_hardening.py::TestClientRouteAllowlist::test_client_payment_and_finance_routes_are_get_only
  tests/test_dc12r1_s3_s1_catalog_order_hardening.py:689: PytestWarning: The test <Function test_client_payment_and_finance_routes_are_get_only> is marked with '@pytest.mark.asyncio' but it is not an async function. Please remove the asyncio mark. If the test is not marked explicitly, check for global marks applied via 'pytestmark'.
    def test_client_payment_and_finance_routes_are_get_only(self):

tests/test_dc12r1_s3_s2b_i1_financial_schema_foundation.py::TestOrmMetadataParity::test_receipt_sequence_business_date_is_char8
  tests/test_dc12r1_s3_s2b_i1_financial_schema_foundation.py:296: PytestWarning: The test <Function test_receipt_sequence_business_date_is_char8> is marked with '@pytest.mark.asyncio' but it is not an async function. Please remove the asyncio mark. If the test is not marked explicitly, check for global marks applied via 'pytestmark'.
    def test_receipt_sequence_business_date_is_char8(self):

tests/test_dc12r1_s3_s2b_i1_financial_schema_foundation.py::TestOrmMetadataParity::test_receipt_sequence_next_seq_is_integer_not_null
  tests/test_dc12r1_s3_s2b_i1_financial_schema_foundation.py:302: PytestWarning: The test <Function test_receipt_sequence_next_seq_is_integer_not_null> is marked with '@pytest.mark.asyncio' but it is not an async function. Please remove the asyncio mark. If the test is not marked explicitly, check for global marks applied via 'pytestmark'.
    def test_receipt_sequence_next_seq_is_integer_not_null(self):

tests/test_dc12r1_s3_s2b_i1_financial_schema_foundation.py::TestOrmMetadataParity::test_declared_amount_is_numeric_12_2
  tests/test_dc12r1_s3_s2b_i1_financial_schema_foundation.py:308: PytestWarning: The test <Function test_declared_amount_is_numeric_12_2> is marked with '@pytest.mark.asyncio' but it is not an async function. Please remove the asyncio mark. If the test is not marked explicitly, check for global marks applied via 'pytestmark'.
    def test_declared_amount_is_numeric_12_2(self):

tests/test_dc12r1_s3_s2b_i1_financial_schema_foundation.py::TestOrmMetadataParity::test_payment_declaration_has_no_is_deleted
  tests/test_dc12r1_s3_s2b_i1_financial_schema_foundation.py:315: PytestWarning: The test <Function test_payment_declaration_has_no_is_deleted> is marked with '@pytest.mark.asyncio' but it is not an async function. Please remove the asyncio mark. If the test is not marked explicitly, check for global marks applied via 'pytestmark'.
    def test_payment_declaration_has_no_is_deleted(self):

tests/test_dc12r1_s3_s2b_i1_financial_schema_foundation.py::TestOrmMetadataParity::test_check_constraints_on_metadata
  tests/test_dc12r1_s3_s2b_i1_financial_schema_foundation.py:319: PytestWarning: The test <Function test_check_constraints_on_metadata> is marked with '@pytest.mark.asyncio' but it is not an async function. Please remove the asyncio mark. If the test is not marked explicitly, check for global marks applied via 'pytestmark'.
    def test_check_constraints_on_metadata(self):

tests/test_dc12r1_s3_s2b_i1_financial_schema_foundation.py::TestOrmMetadataParity::test_fk_restrict_on_order_id
  tests/test_dc12r1_s3_s2b_i1_financial_schema_foundation.py:327: PytestWarning: The test <Function test_fk_restrict_on_order_id> is marked with '@pytest.mark.asyncio' but it is not an async function. Please remove the asyncio mark. If the test is not marked explicitly, check for global marks applied via 'pytestmark'.
    def test_fk_restrict_on_order_id(self):

tests/test_dc12r1_s3_s2b_i1_financial_schema_foundation.py::TestOrmMetadataParity::test_fk_restrict_on_confirmation_payment_id
  tests/test_dc12r1_s3_s2b_i1_financial_schema_foundation.py:333: PytestWarning: The test <Function test_fk_restrict_on_confirmation_payment_id> is marked with '@pytest.mark.asyncio' but it is not an async function. Please remove the asyncio mark. If the test is not marked explicitly, check for global marks applied via 'pytestmark'.
    def test_fk_restrict_on_confirmation_payment_id(self):

tests/test_dc12r1_s3_s2b_i1_financial_schema_foundation.py::TestOrmMetadataParity::test_model_exports
  tests/test_dc12r1_s3_s2b_i1_financial_schema_foundation.py:339: PytestWarning: The test <Function test_model_exports> is marked with '@pytest.mark.asyncio' but it is not an async function. Please remove the asyncio mark. If the test is not marked explicitly, check for global marks applied via 'pytestmark'.
    def test_model_exports(self):

tests/test_dc12r1_s3_s2b_i1_r3_migration_preflight.py::TestOrmMetadataAllIndexes::test_payment_declarations_indexes_in_metadata
  tests/test_dc12r1_s3_s2b_i1_r3_migration_preflight.py:177: PytestWarning: The test <Function test_payment_declarations_indexes_in_metadata> is marked with '@pytest.mark.asyncio' but it is not an async function. Please remove the asyncio mark. If the test is not marked explicitly, check for global marks applied via 'pytestmark'.
    def test_payment_declarations_indexes_in_metadata(self):

tests/test_dc12r1_s3_s2b_i1_r3_migration_preflight.py::TestOrmMetadataAllIndexes::test_all_three_check_constraints_present
  tests/test_dc12r1_s3_s2b_i1_r3_migration_preflight.py:190: PytestWarning: The test <Function test_all_three_check_constraints_present> is marked with '@pytest.mark.asyncio' but it is not an async function. Please remove the asyncio mark. If the test is not marked explicitly, check for global marks applied via 'pytestmark'.
    def test_all_three_check_constraints_present(self):

tests/test_dc12r1_s3_s2b_i1_r3_migration_preflight.py::TestOrmMetadataAllIndexes::test_receipt_sequence_char8_pk
  tests/test_dc12r1_s3_s2b_i1_r3_migration_preflight.py:198: PytestWarning: The test <Function test_receipt_sequence_char8_pk> is marked with '@pytest.mark.asyncio' but it is not an async function. Please remove the asyncio mark. If the test is not marked explicitly, check for global marks applied via 'pytestmark'.
    def test_receipt_sequence_char8_pk(self):

tests/test_dc1e_validation_error_serialization.py::test_validation_exception_handler_json_encodes_decimal_uuid_datetime_and_nested_values
tests/test_dc1e_validation_error_serialization.py::test_validation_exception_handler_json_encodes_decimal_uuid_datetime_and_nested_values
  /tmp/dc12r1-v2-worktree/backend/tests/test_dc1e_validation_error_serialization.py:87: DeprecationWarning: 'HTTP_422_UNPROCESSABLE_ENTITY' is deprecated. Use 'HTTP_422_UNPROCESSABLE_CONTENT' instead.
    response = await validation_exception_handler(request, exc)

tests/test_dc3b_credential_recovery_backend.py::test_r1_identity_refresh_preserves_tenant_selection
tests/test_dc3b_credential_recovery_backend.py::test_r1_no_internal_mapping_in_public_responses
  /tmp/dc12r1-v2-worktree/backend/api/v1/auth.py:504: DeprecationWarning: datetime.datetime.utcnow() is deprecated and scheduled for removal in a future version. Use timezone-aware objects to represent datetimes in UTC: datetime.datetime.now(datetime.UTC).
    timestamp=datetime.utcnow(),

tests/test_health.py::TestHealthEndpoints::test_health_check_returns_healthy
  /tmp/dc12r1-v2-worktree/backend/tests/test_health.py:53: DeprecationWarning: datetime.datetime.utcnow() is deprecated and scheduled for removal in a future version. Use timezone-aware objects to represent datetimes in UTC: datetime.datetime.now(datetime.UTC).
    timestamp=datetime.utcnow()

tests/test_health.py::TestHealthEndpoints::test_liveness_check_returns_healthy
  /tmp/dc12r1-v2-worktree/backend/tests/test_health.py:63: DeprecationWarning: datetime.datetime.utcnow() is deprecated and scheduled for removal in a future version. Use timezone-aware objects to represent datetimes in UTC: datetime.datetime.now(datetime.UTC).
    timestamp=datetime.utcnow()

tests/test_health.py::TestHealthEndpoints::test_readiness_check_healthy_when_db_ok
tests/test_health.py::TestHealthEndpoints::test_readiness_check_unhealthy_when_db_fails
  /tmp/dc12r1-v2-worktree/backend/tests/test_health.py:76: DeprecationWarning: datetime.datetime.utcnow() is deprecated and scheduled for removal in a future version. Use timezone-aware objects to represent datetimes in UTC: datetime.datetime.now(datetime.UTC).
    timestamp=datetime.utcnow(),

tests/test_health.py::TestHealthSchemas::test_health_status_schema
tests/test_health.py::TestHealthSchemas::test_readiness_status_schema
tests/test_health.py::TestHealthSchemas::test_health_status_defaults
tests/test_health.py::TestHealthSchemas::test_readiness_status_with_multiple_checks
  /tmp/dc12r1-v2-venv/lib/python3.12/site-packages/pydantic/main.py:250: DeprecationWarning: datetime.datetime.utcnow() is deprecated and scheduled for removal in a future version. Use timezone-aware objects to represent datetimes in UTC: datetime.datetime.now(datetime.UTC).
    validated_self = self.__pydantic_validator__.validate_python(data, self_instance=self)

tests/test_idempotency.py::TestIdempotencyMiddlewareCaching::test_cache_response
tests/test_idempotency.py::TestIdempotencyMiddlewareCaching::test_get_cached_response_returns_cached
tests/test_idempotency.py::TestIdempotencyMiddlewareCaching::test_remove_cache
tests/test_idempotency.py::TestIdempotencyCacheManagement::test_clear_idempotency_cache
tests/test_idempotency.py::TestIdempotencyCacheManagement::test_clear_idempotency_cache
tests/test_idempotency.py::TestIdempotencyCacheManagement::test_cleanup_expired_entries
  /tmp/dc12r1-v2-worktree/backend/tests/test_idempotency.py:82: DeprecationWarning: datetime.datetime.utcnow() is deprecated and scheduled for removal in a future version. Use timezone-aware objects to represent datetimes in UTC: datetime.datetime.now(datetime.UTC).
    "expires_at": datetime.utcnow() + IDEMPOTENCY_TTL,

tests/test_idempotency.py::TestIdempotencyMiddlewareCaching::test_get_cached_response_returns_cached
  /tmp/dc12r1-v2-worktree/backend/tests/test_idempotency.py:59: DeprecationWarning: datetime.datetime.utcnow() is deprecated and scheduled for removal in a future version. Use timezone-aware objects to represent datetimes in UTC: datetime.datetime.now(datetime.UTC).
    if datetime.utcnow() > cached["expires_at"]:

tests/test_idempotency.py::TestIdempotencyMiddlewareCaching::test_mark_in_progress
  /tmp/dc12r1-v2-worktree/backend/tests/test_idempotency.py:69: DeprecationWarning: datetime.datetime.utcnow() is deprecated and scheduled for removal in a future version. Use timezone-aware objects to represent datetimes in UTC: datetime.datetime.now(datetime.UTC).
    "expires_at": datetime.utcnow() + timedelta(minutes=5)

tests/test_idempotency.py::TestIdempotencyCacheManagement::test_cleanup_expired_entries
  /tmp/dc12r1-v2-worktree/backend/tests/test_idempotency.py:377: DeprecationWarning: datetime.datetime.utcnow() is deprecated and scheduled for removal in a future version. Use timezone-aware objects to represent datetimes in UTC: datetime.datetime.now(datetime.UTC).
    "expires_at": datetime.utcnow() - timedelta(hours=1),

tests/test_idempotency.py::TestIdempotencyCacheManagement::test_cleanup_expired_entries
  /tmp/dc12r1-v2-worktree/backend/tests/test_idempotency.py:100: DeprecationWarning: datetime.datetime.utcnow() is deprecated and scheduled for removal in a future version. Use timezone-aware objects to represent datetimes in UTC: datetime.datetime.now(datetime.UTC).
    now = datetime.utcnow()

tests/test_phase4_pricing_safe_orders.py::TestWholesalerOrderCreationAPI::test_create_order_slim_shape_happy_path
tests/test_s5a_fresh_tenant_real_user_journey_gate.py::test_s5a_fresh_tenant_real_user_journey_gate
  /tmp/dc12r1-v2-worktree/backend/api/v1/orders.py:495: DeprecationWarning: datetime.datetime.utcnow() is deprecated and scheduled for removal in a future version. Use timezone-aware objects to represent datetimes in UTC: datetime.datetime.now(datetime.UTC).
    timestamp=datetime.utcnow()

tests/test_phase4_pricing_safe_orders.py::TestPricingListAPI::test_list_prices_happy_path
tests/test_s3a_fresh_tenant_runtime_smoke.py::TestFreshTenantAdminSmoke::test_pricing_prices
  /tmp/dc12r1-v2-worktree/backend/api/v1/pricing.py:110: DeprecationWarning: datetime.datetime.utcnow() is deprecated and scheduled for removal in a future version. Use timezone-aware objects to represent datetimes in UTC: datetime.datetime.now(datetime.UTC).
    timestamp=datetime.utcnow(),

tests/test_phase4_pricing_safe_orders.py::TestPricingSetAPI::test_set_price_creates_new
tests/test_phase4_pricing_safe_orders.py::TestPricingSetAPI::test_set_price_updates_existing
tests/test_s5a_fresh_tenant_real_user_journey_gate.py::test_s5a_fresh_tenant_real_user_journey_gate
  /tmp/dc12r1-v2-worktree/backend/api/v1/pricing.py:161: DeprecationWarning: datetime.datetime.utcnow() is deprecated and scheduled for removal in a future version. Use timezone-aware objects to represent datetimes in UTC: datetime.datetime.now(datetime.UTC).
    timestamp=datetime.utcnow(),

tests/test_phase5_order_payment.py::test_order_service_transition_confirmed_to_paid
  /tmp/dc12r1-v2-worktree/backend/services/ledger_service.py:79: RuntimeWarning: coroutine 'AsyncMockMixin._execute_mock_call' was never awaited
    self.db.add(entry)
  Enable tracemalloc to get traceback where the object was allocated.
  See https://docs.pytest.org/en/stable/how-to/capture-warnings.html#resource-warnings for more info.

tests/test_phase5_order_payment.py::TestRouteLevelOrderPaymentMonkeypatch::test_route_structured_full_payment_returns_200
tests/test_phase5_order_payment.py::TestRouteLevelOrderPaymentMonkeypatch::test_route_partial_payment_returns_partially_paid
  /tmp/dc12r1-v2-worktree/backend/api/middleware/idempotency.py:231: DeprecationWarning: datetime.datetime.utcnow() is deprecated and scheduled for removal in a future version. Use timezone-aware objects to represent datetimes in UTC: datetime.datetime.now(datetime.UTC).
    "expires_at": datetime.utcnow() + self._ttl,

tests/test_platform_p11c0_legacy_guard.py::TestHealthInfoUnauthenticated::test_health_no_auth_required
tests/test_platform_p11c0_legacy_guard.py::TestHealthInfoUnauthenticated::test_health_does_not_expose_tenant_data
tests/test_platform_p11c0_legacy_guard.py::TestHealthInfoUnauthenticated::test_health_shape_unchanged
  /tmp/dc12r1-v2-worktree/backend/api/v1/platform/health.py:32: DeprecationWarning: datetime.datetime.utcnow() is deprecated and scheduled for removal in a future version. Use timezone-aware objects to represent datetimes in UTC: datetime.datetime.now(datetime.UTC).
    "timestamp": datetime.utcnow().isoformat(),

tests/test_platform_p21_durable_approval_adapter_implementation.py::test_concrete_adapter_is_not_live_store_and_implements_base_surface
tests/test_platform_p21dd_runtime_storage_cutover_gate.py::TestStorageModeResolver::test_default_mode_is_durable
tests/test_platform_p21e_durable_approval_runtime_closeout.py::TestRestartSafetyCloseout::test_list_finds_record_after_session_restart
tests/test_u6f_onboarding_auth_chain_closeout.py::test_migration_schema_sanity_uses_current_single_head
tests/test_u6i1_owner_credential_setup_schema.py::test_alembic_head_includes_owner_credential_setup_tokens
  /tmp/dc12r1-v2-venv/lib/python3.12/site-packages/alembic/config.py:612: DeprecationWarning: No path_separator found in configuration; falling back to legacy splitting on spaces, commas, and colons for prepend_sys_path.  Consider adding path_separator=os to Alembic config.
    util.warn_deprecated(

tests/test_pw1r3_rate_limit_context.py: 107 warnings
  /tmp/dc12r1-v2-worktree/backend/api/v1/auth.py:661: DeprecationWarning: datetime.datetime.utcnow() is deprecated and scheduled for removal in a future version. Use timezone-aware objects to represent datetimes in UTC: datetime.datetime.now(datetime.UTC).
    timestamp=datetime.utcnow()

tests/test_pw1r3_rate_limit_context.py::test_health_endpoints_are_exempt_from_rate_limiting
  /tmp/dc12r1-v2-worktree/backend/api/v1/health.py:167: DeprecationWarning: datetime.datetime.utcnow() is deprecated and scheduled for removal in a future version. Use timezone-aware objects to represent datetimes in UTC: datetime.datetime.now(datetime.UTC).
    timestamp=datetime.utcnow()

tests/test_receivables_service.py::test_retailer_summary_aggregates_totals
  /tmp/dc12r1-v2-worktree/backend/tests/test_receivables_service.py:70: DeprecationWarning: datetime.datetime.utcnow() is deprecated and scheduled for removal in a future version. Use timezone-aware objects to represent datetimes in UTC: datetime.datetime.now(datetime.UTC).
    mock_order_a.created_at = datetime.utcnow()

tests/test_receivables_service.py::test_retailer_summary_aggregates_totals
  /tmp/dc12r1-v2-worktree/backend/tests/test_receivables_service.py:77: DeprecationWarning: datetime.datetime.utcnow() is deprecated and scheduled for removal in a future version. Use timezone-aware objects to represent datetimes in UTC: datetime.datetime.now(datetime.UTC).
    mock_order_b.created_at = datetime.utcnow()

tests/test_receivables_service.py::test_order_list_classifies_credit_receivable
  /tmp/dc12r1-v2-worktree/backend/tests/test_receivables_service.py:220: DeprecationWarning: datetime.datetime.utcnow() is deprecated and scheduled for removal in a future version. Use timezone-aware objects to represent datetimes in UTC: datetime.datetime.now(datetime.UTC).
    mock_order.created_at = datetime.utcnow()

tests/test_receivables_service.py::test_order_list_classifies_unpaid_order
  /tmp/dc12r1-v2-worktree/backend/tests/test_receivables_service.py:290: DeprecationWarning: datetime.datetime.utcnow() is deprecated and scheduled for removal in a future version. Use timezone-aware objects to represent datetimes in UTC: datetime.datetime.now(datetime.UTC).
    mock_order.created_at = datetime.utcnow()

tests/test_receivables_service.py::test_order_list_supports_retailer_filter
  /tmp/dc12r1-v2-worktree/backend/tests/test_receivables_service.py:358: DeprecationWarning: datetime.datetime.utcnow() is deprecated and scheduled for removal in a future version. Use timezone-aware objects to represent datetimes in UTC: datetime.datetime.now(datetime.UTC).
    mock_order.created_at = datetime.utcnow()

tests/test_receivables_service.py: 25 warnings
  /tmp/dc12r1-v2-worktree/backend/tests/test_receivables_service.py:569: DeprecationWarning: datetime.datetime.utcnow() is deprecated and scheduled for removal in a future version. Use timezone-aware objects to represent datetimes in UTC: datetime.datetime.now(datetime.UTC).
    mock_order.created_at = datetime.utcnow()

tests/test_receivables_service.py: 25 warnings
  /tmp/dc12r1-v2-worktree/backend/tests/test_receivables_service.py:651: DeprecationWarning: datetime.datetime.utcnow() is deprecated and scheduled for removal in a future version. Use timezone-aware objects to represent datetimes in UTC: datetime.datetime.now(datetime.UTC).
    mock_order.created_at = datetime.utcnow()

tests/test_route_coverage.py::TestOpenAPIRouteCoverage::test_health_endpoint_exists
  /tmp/dc12r1-v2-worktree/backend/api/v1/health.py:143: DeprecationWarning: datetime.datetime.utcnow() is deprecated and scheduled for removal in a future version. Use timezone-aware objects to represent datetimes in UTC: datetime.datetime.now(datetime.UTC).
    timestamp=datetime.utcnow()

tests/test_s3_profiling.py::TestSQLProfilingMetrics::test_metrics_endpoint_accessible
  /tmp/dc12r1-v2-venv/lib/python3.12/site-packages/prometheus_client/metrics.py:250: RuntimeWarning: coroutine 'Connection._cancel' was never awaited
    yield Sample(suffix, dict(series_labels + list(sample_labels.items())), value, timestamp, exemplar)
  Enable tracemalloc to get traceback where the object was allocated.
  See https://docs.pytest.org/en/stable/how-to/capture-warnings.html#resource-warnings for more info.

tests/test_s3a_fresh_tenant_runtime_smoke.py::TestFreshTenantAdminSmoke::test_orders_list
tests/test_s3a_fresh_tenant_runtime_smoke.py::TestFreshTenantAdminAuthGateSemantics::test_fresh_admin_token_passes_require_permission
tests/test_s3c_self_contained_fresh_tenant_live_proof.py::TestFreshEndpointSmoke::test_orders_list
  /tmp/dc12r1-v2-worktree/backend/api/v1/orders.py:350: DeprecationWarning: datetime.datetime.utcnow() is deprecated and scheduled for removal in a future version. Use timezone-aware objects to represent datetimes in UTC: datetime.datetime.now(datetime.UTC).
    timestamp=datetime.utcnow()

tests/test_s3a_fresh_tenant_runtime_smoke.py::TestFreshTenantAdminSmoke::test_skus_list
tests/test_s3c_self_contained_fresh_tenant_live_proof.py::TestFreshEndpointSmoke::test_skus_list
  /tmp/dc12r1-v2-worktree/backend/api/v1/skus.py:138: DeprecationWarning: datetime.datetime.utcnow() is deprecated and scheduled for removal in a future version. Use timezone-aware objects to represent datetimes in UTC: datetime.datetime.now(datetime.UTC).
    timestamp=datetime.utcnow(),

tests/test_s3a_fresh_tenant_runtime_smoke.py::TestFreshTenantAdminSmoke::test_inventory_stocks
tests/test_s3c_self_contained_fresh_tenant_live_proof.py::TestFreshEndpointSmoke::test_inventory_stocks
  /tmp/dc12r1-v2-worktree/backend/api/v1/inventory.py:83: DeprecationWarning: datetime.datetime.utcnow() is deprecated and scheduled for removal in a future version. Use timezone-aware objects to represent datetimes in UTC: datetime.datetime.now(datetime.UTC).
    timestamp=datetime.utcnow(),

tests/test_s3a_fresh_tenant_runtime_smoke.py::TestFreshTenantAdminSmoke::test_payments_list
tests/test_s3c_self_contained_fresh_tenant_live_proof.py::TestFreshEndpointSmoke::test_payments_list
  /tmp/dc12r1-v2-worktree/backend/api/v1/payments.py:61: DeprecationWarning: datetime.datetime.utcnow() is deprecated and scheduled for removal in a future version. Use timezone-aware objects to represent datetimes in UTC: datetime.datetime.now(datetime.UTC).
    timestamp=datetime.utcnow(),

tests/test_s3a_fresh_tenant_runtime_smoke.py::TestFreshTenantAdminSmoke::test_retailer_bindings
tests/test_s3c_self_contained_fresh_tenant_live_proof.py::TestFreshEndpointSmoke::test_retailer_bindings
  /tmp/dc12r1-v2-worktree/backend/api/v1/retailers.py:308: DeprecationWarning: datetime.datetime.utcnow() is deprecated and scheduled for removal in a future version. Use timezone-aware objects to represent datetimes in UTC: datetime.datetime.now(datetime.UTC).
    return DataResponse(success=True, data=BindingListData(items=items), timestamp=datetime.utcnow())

tests/test_s4_jobs_local.py: 78 warnings
tests/test_s4_jobs_persistence.py: 38 warnings
  /tmp/dc12r1-v2-venv/lib/python3.12/site-packages/sqlalchemy/sql/schema.py:3624: DeprecationWarning: datetime.datetime.utcnow() is deprecated and scheduled for removal in a future version. Use timezone-aware objects to represent datetimes in UTC: datetime.datetime.now(datetime.UTC).
    return util.wrap_callable(lambda ctx: fn(), fn)  # type: ignore

tests/test_s4_jobs_local.py: 19 warnings
tests/test_s4_jobs_persistence.py: 9 warnings
  /tmp/dc12r1-v2-worktree/backend/core/jobs/local_queue.py:167: DeprecationWarning: datetime.datetime.utcnow() is deprecated and scheduled for removal in a future version. Use timezone-aware objects to represent datetimes in UTC: datetime.datetime.now(datetime.UTC).
    "enqueued_at": datetime.utcnow(),

tests/test_s4_jobs_local.py: 21 warnings
tests/test_s4_jobs_persistence.py: 11 warnings
  /tmp/dc12r1-v2-worktree/backend/core/jobs/local_queue.py:245: DeprecationWarning: datetime.datetime.utcnow() is deprecated and scheduled for removal in a future version. Use timezone-aware objects to represent datetimes in UTC: datetime.datetime.now(datetime.UTC).
    job_record["started_at"] = datetime.utcnow()

tests/test_s4_jobs_local.py: 21 warnings
tests/test_s4_jobs_persistence.py: 11 warnings
  /tmp/dc12r1-v2-worktree/backend/core/jobs/local_queue.py:259: DeprecationWarning: datetime.datetime.utcnow() is deprecated and scheduled for removal in a future version. Use timezone-aware objects to represent datetimes in UTC: datetime.datetime.now(datetime.UTC).
    started_at=datetime.utcnow(),

tests/test_s4_jobs_local.py: 17 warnings
tests/test_s4_jobs_persistence.py: 8 warnings
  /tmp/dc12r1-v2-worktree/backend/core/jobs/local_queue.py:285: DeprecationWarning: datetime.datetime.utcnow() is deprecated and scheduled for removal in a future version. Use timezone-aware objects to represent datetimes in UTC: datetime.datetime.now(datetime.UTC).
    job_record["completed_at"] = datetime.utcnow()

tests/test_s4_jobs_local.py: 17 warnings
tests/test_s4_jobs_persistence.py: 8 warnings
  /tmp/dc12r1-v2-worktree/backend/core/jobs/local_queue.py:295: DeprecationWarning: datetime.datetime.utcnow() is deprecated and scheduled for removal in a future version. Use timezone-aware objects to represent datetimes in UTC: datetime.datetime.now(datetime.UTC).
    completed_at=datetime.utcnow()

tests/test_s4_jobs_local.py::test_job_failure_handling
tests/test_s4_jobs_local.py::test_job_failure_handling
tests/test_s4_jobs_local.py::test_job_failure_handling
tests/test_s4_jobs_local.py::test_job_metrics
tests/test_s4_jobs_persistence.py::test_job_retry_on_failure
tests/test_s4_jobs_persistence.py::test_job_max_retries_reached
tests/test_s4_jobs_persistence.py::test_job_max_retries_reached
  /tmp/dc12r1-v2-worktree/backend/core/jobs/local_queue.py:320: DeprecationWarning: datetime.datetime.utcnow() is deprecated and scheduled for removal in a future version. Use timezone-aware objects to represent datetimes in UTC: datetime.datetime.now(datetime.UTC).
    job_record["completed_at"] = datetime.utcnow()

tests/test_s4_jobs_local.py::test_job_failure_handling
tests/test_s4_jobs_local.py::test_job_failure_handling
tests/test_s4_jobs_persistence.py::test_job_retry_on_failure
tests/test_s4_jobs_persistence.py::test_job_max_retries_reached
  /tmp/dc12r1-v2-worktree/backend/core/jobs/local_queue.py:344: DeprecationWarning: datetime.datetime.utcnow() is deprecated and scheduled for removal in a future version. Use timezone-aware objects to represent datetimes in UTC: datetime.datetime.now(datetime.UTC).
    updated_at=datetime.utcnow()

tests/test_s4_jobs_local.py::test_job_failure_handling
tests/test_s4_jobs_local.py::test_job_metrics
tests/test_s4_jobs_persistence.py::test_job_max_retries_reached
  /tmp/dc12r1-v2-worktree/backend/core/jobs/local_queue.py:373: DeprecationWarning: datetime.datetime.utcnow() is deprecated and scheduled for removal in a future version. Use timezone-aware objects to represent datetimes in UTC: datetime.datetime.now(datetime.UTC).
    completed_at=datetime.utcnow()

tests/test_u3c_import_apply.py::TestCorruptedValidatedRows::test_missing_sku_code_column_raises_422
  /tmp/dc12r1-v2-worktree/backend/tests/test_u3c_import_apply.py:611: DeprecationWarning: 'HTTP_422_UNPROCESSABLE_ENTITY' is deprecated. Use 'HTTP_422_UNPROCESSABLE_CONTENT' instead.
    await ImportService().apply(

tests/test_u3c_import_apply.py::TestCorruptedValidatedRows::test_empty_sku_code_raises_422
  /tmp/dc12r1-v2-worktree/backend/tests/test_u3c_import_apply.py:632: DeprecationWarning: 'HTTP_422_UNPROCESSABLE_ENTITY' is deprecated. Use 'HTTP_422_UNPROCESSABLE_CONTENT' instead.
    await ImportService().apply(

tests/test_u3c_import_apply.py::TestCorruptedValidatedRows::test_mixed_valid_and_corrupt_fails_entirely
  /tmp/dc12r1-v2-worktree/backend/tests/test_u3c_import_apply.py:655: DeprecationWarning: 'HTTP_422_UNPROCESSABLE_ENTITY' is deprecated. Use 'HTTP_422_UNPROCESSABLE_CONTENT' instead.
    await ImportService().apply(

tests/test_u3c_import_apply.py::TestCorruptedValidatedRows::test_all_rows_corrupt_no_db_add
  /tmp/dc12r1-v2-worktree/backend/tests/test_u3c_import_apply.py:678: DeprecationWarning: 'HTTP_422_UNPROCESSABLE_ENTITY' is deprecated. Use 'HTTP_422_UNPROCESSABLE_CONTENT' instead.
    await ImportService().apply(

tests/test_u3e_e2e_hardening.py::TestE2EFailClosed::test_all_corrupt_rows_zero_db_add
  /tmp/dc12r1-v2-worktree/backend/tests/test_u3e_e2e_hardening.py:583: DeprecationWarning: 'HTTP_422_UNPROCESSABLE_ENTITY' is deprecated. Use 'HTTP_422_UNPROCESSABLE_CONTENT' instead.
    await svc.apply(

tests/test_u3e_e2e_hardening.py::TestE2EFailClosed::test_all_empty_sku_codes_zero_db_add
  /tmp/dc12r1-v2-worktree/backend/tests/test_u3e_e2e_hardening.py:620: DeprecationWarning: 'HTTP_422_UNPROCESSABLE_ENTITY' is deprecated. Use 'HTTP_422_UNPROCESSABLE_CONTENT' instead.
    await svc.apply(

tests/test_u3e_e2e_hardening.py::TestE2EFailClosed::test_mixed_valid_corrupt_raises_422_not_applied
  /tmp/dc12r1-v2-worktree/backend/tests/test_u3e_e2e_hardening.py:662: DeprecationWarning: 'HTTP_422_UNPROCESSABLE_ENTITY' is deprecated. Use 'HTTP_422_UNPROCESSABLE_CONTENT' instead.
    await svc.apply(

tests/test_u4c_intake_api_contract.py::test_contextual_tenant_user_with_intake_create_can_create_workspace
tests/test_u4c_intake_api_contract.py::test_contextual_tenant_user_with_intake_read_can_list_and_detail_created_workspace
tests/test_u4d_intake_parser_preview.py::test_upload_mapping_validation_rows_and_issues_are_staging_only
tests/test_u4d_intake_parser_preview.py::test_upload_requires_create_or_update_permission
  /tmp/dc12r1-v2-worktree/backend/api/v1/intake.py:269: DeprecationWarning: datetime.datetime.utcnow() is deprecated and scheduled for removal in a future version. Use timezone-aware objects to represent datetimes in UTC: datetime.datetime.now(datetime.UTC).
    timestamp=datetime.utcnow(),

tests/test_u4c_intake_api_contract.py::test_contextual_tenant_user_with_intake_read_can_list_and_detail_created_workspace
  /tmp/dc12r1-v2-worktree/backend/api/v1/intake.py:315: DeprecationWarning: datetime.datetime.utcnow() is deprecated and scheduled for removal in a future version. Use timezone-aware objects to represent datetimes in UTC: datetime.datetime.now(datetime.UTC).
    timestamp=datetime.utcnow(),

tests/test_u4c_intake_api_contract.py::test_contextual_tenant_user_with_intake_read_can_list_and_detail_created_workspace
  /tmp/dc12r1-v2-worktree/backend/api/v1/intake.py:353: DeprecationWarning: datetime.datetime.utcnow() is deprecated and scheduled for removal in a future version. Use timezone-aware objects to represent datetimes in UTC: datetime.datetime.now(datetime.UTC).
    timestamp=datetime.utcnow(),

tests/test_u4d_intake_parser_preview.py::test_upload_mapping_validation_rows_and_issues_are_staging_only
  /tmp/dc12r1-v2-worktree/backend/api/v1/intake.py:391: DeprecationWarning: datetime.datetime.utcnow() is deprecated and scheduled for removal in a future version. Use timezone-aware objects to represent datetimes in UTC: datetime.datetime.now(datetime.UTC).
    return DataResponse(success=True, data=_upload_to_read(upload), timestamp=datetime.utcnow())

tests/test_u4d_intake_parser_preview.py::test_upload_mapping_validation_rows_and_issues_are_staging_only
  /tmp/dc12r1-v2-worktree/backend/api/v1/intake.py:432: DeprecationWarning: datetime.datetime.utcnow() is deprecated and scheduled for removal in a future version. Use timezone-aware objects to represent datetimes in UTC: datetime.datetime.now(datetime.UTC).
    timestamp=datetime.utcnow(),

tests/test_u4d_intake_parser_preview.py::test_upload_mapping_validation_rows_and_issues_are_staging_only
  /tmp/dc12r1-v2-worktree/backend/api/v1/intake.py:471: DeprecationWarning: datetime.datetime.utcnow() is deprecated and scheduled for removal in a future version. Use timezone-aware objects to represent datetimes in UTC: datetime.datetime.now(datetime.UTC).
    timestamp=datetime.utcnow(),

tests/test_u4d_intake_parser_preview.py::test_upload_mapping_validation_rows_and_issues_are_staging_only
  /tmp/dc12r1-v2-worktree/backend/api/v1/intake.py:548: DeprecationWarning: datetime.datetime.utcnow() is deprecated and scheduled for removal in a future version. Use timezone-aware objects to represent datetimes in UTC: datetime.datetime.now(datetime.UTC).
    timestamp=datetime.utcnow(),

tests/test_u4d_intake_parser_preview.py::test_upload_mapping_validation_rows_and_issues_are_staging_only
  /tmp/dc12r1-v2-worktree/backend/api/v1/intake.py:597: DeprecationWarning: datetime.datetime.utcnow() is deprecated and scheduled for removal in a future version. Use timezone-aware objects to represent datetimes in UTC: datetime.datetime.now(datetime.UTC).
    timestamp=datetime.utcnow(),

tests/test_u4ib2_intake_apply_service.py::test_successful_apply_creates_skus_and_updates_audit
tests/test_u4ib2_intake_apply_service.py::test_repeated_apply_returns_already_applied_without_duplicate_skus
  /tmp/dc12r1-v2-worktree/backend/api/v1/intake.py:503: DeprecationWarning: datetime.datetime.utcnow() is deprecated and scheduled for removal in a future version. Use timezone-aware objects to represent datetimes in UTC: datetime.datetime.now(datetime.UTC).
    timestamp=datetime.utcnow(),

tests/test_u6c_signup_email_verification_skeleton.py::test_legacy_fingerprint_record_replays_under_new_code_without_409
tests/test_u6c_signup_email_verification_skeleton.py::test_legacy_fingerprint_record_replays_under_new_code_without_409
tests/test_u6c_signup_email_verification_skeleton.py::test_legacy_fingerprint_record_still_409_for_different_payload
tests/test_u6c_signup_email_verification_skeleton.py::test_legacy_fingerprint_record_still_409_for_different_payload
tests/test_u6f_onboarding_auth_chain_closeout.py::test_idempotency_retry_and_conflict_do_not_create_duplicate_rows
  /tmp/dc12r1-v2-worktree/backend/services/onboarding_service.py:599: DeprecationWarning: deprecated
    "password": request.password,

tests/test_u6c_signup_email_verification_skeleton.py::test_legacy_fingerprint_record_replays_under_new_code_without_409
tests/test_u6c_signup_email_verification_skeleton.py::test_legacy_fingerprint_record_still_409_for_different_payload
tests/test_u6f_onboarding_auth_chain_closeout.py::test_idempotency_retry_and_conflict_do_not_create_duplicate_rows
  /tmp/dc12r1-v2-worktree/backend/services/onboarding_service.py:316: DeprecationWarning: deprecated
    request.password is not None

tests/test_u6e_onboarding_status_endpoint.py::test_valid_body_status_token_returns_pending_email_verification
tests/test_u6e_onboarding_status_endpoint.py::test_after_verify_email_valid_status_token_returns_active
tests/test_u6e_onboarding_status_endpoint.py::test_status_response_never_exposes_sensitive_internal_details
tests/test_u6e_onboarding_status_endpoint.py::test_onboarding_status_has_no_tenant_schema_users_roles_or_rbac_side_effects
tests/test_u6f_onboarding_auth_chain_closeout.py::test_end_to_end_signup_verify_status_happy_path_is_neutral_and_provisions_without_admin
tests/test_u6f_onboarding_auth_chain_closeout.py::test_end_to_end_signup_verify_status_happy_path_is_neutral_and_provisions_without_admin
tests/test_u6f_onboarding_auth_chain_closeout.py::test_closeout_provisions_tenant_but_defers_admin_rbac_until_setup_credential
tests/test_u6i6_onboarding_e2e_closeout.py::test_full_owner_onboarding_backend_chain_proves_hash_only_tokens_and_admin_rbac
tests/test_u6l_email_verified_onboarding_orchestration.py::test_emailed_setup_token_can_create_first_admin_rbac_and_status_is_public_active
  /tmp/dc12r1-v2-worktree/backend/api/v1/auth.py:229: DeprecationWarning: datetime.datetime.utcnow() is deprecated and scheduled for removal in a future version. Use timezone-aware objects to represent datetimes in UTC: datetime.datetime.now(datetime.UTC).
    timestamp=datetime.utcnow(),

tests/test_u6i2_owner_credential_setup_token_issue.py::test_prior_and_new_identity_matching_is_order_independent
  tests/test_u6i2_owner_credential_setup_token_issue.py:234: PytestWarning: The test <Function test_prior_and_new_identity_matching_is_order_independent> is marked with '@pytest.mark.asyncio' but it is not an async function. Please remove the asyncio mark. If the test is not marked explicitly, check for global marks applied via 'pytestmark'.
    def test_prior_and_new_identity_matching_is_order_independent():

tests/test_uuid_serialization.py: 20 warnings
  /tmp/dc12r1-v2-worktree/backend/tests/test_uuid_serialization.py:49: DeprecationWarning: datetime.datetime.utcnow() is deprecated and scheduled for removal in a future version. Use timezone-aware objects to represent datetimes in UTC: datetime.datetime.now(datetime.UTC).
    created_at=datetime.utcnow(),

tests/test_uuid_serialization.py: 20 warnings
  /tmp/dc12r1-v2-worktree/backend/tests/test_uuid_serialization.py:50: DeprecationWarning: datetime.datetime.utcnow() is deprecated and scheduled for removal in a future version. Use timezone-aware objects to represent datetimes in UTC: datetime.datetime.now(datetime.UTC).
    updated_at=datetime.utcnow()

tests/test_uuid_serialization.py: 20 warnings
  /tmp/dc12r1-v2-worktree/backend/tests/test_uuid_serialization.py:98: DeprecationWarning: datetime.datetime.utcnow() is deprecated and scheduled for removal in a future version. Use timezone-aware objects to represent datetimes in UTC: datetime.datetime.now(datetime.UTC).
    created_at=datetime.utcnow(),

tests/test_uuid_serialization.py: 20 warnings
  /tmp/dc12r1-v2-worktree/backend/tests/test_uuid_serialization.py:99: DeprecationWarning: datetime.datetime.utcnow() is deprecated and scheduled for removal in a future version. Use timezone-aware objects to represent datetimes in UTC: datetime.datetime.now(datetime.UTC).
    updated_at=datetime.utcnow()

tests/test_uuid_serialization.py: 20 warnings
  /tmp/dc12r1-v2-worktree/backend/tests/test_uuid_serialization.py:198: DeprecationWarning: datetime.datetime.utcnow() is deprecated and scheduled for removal in a future version. Use timezone-aware objects to represent datetimes in UTC: datetime.datetime.now(datetime.UTC).
    created_at=datetime.utcnow(),

tests/test_uuid_serialization.py: 20 warnings
  /tmp/dc12r1-v2-worktree/backend/tests/test_uuid_serialization.py:199: DeprecationWarning: datetime.datetime.utcnow() is deprecated and scheduled for removal in a future version. Use timezone-aware objects to represent datetimes in UTC: datetime.datetime.now(datetime.UTC).
    updated_at=datetime.utcnow()

-- Docs: https://docs.pytest.org/en/stable/how-to/capture-warnings.html
--- generated xml file: /tmp/dc12r1-v2-evidence/fullsuite-authoritative.xml ----
=========================== short test summary info ============================
FAILED tests/test_dc11t2_async_test_utils.py::test_temp_db_creates_and_drops_exact_database
FAILED tests/test_dc11t2_async_test_utils.py::test_temp_db_terminates_own_role_session_and_drops
FAILED tests/test_dc11t2_async_test_utils.py::test_temp_db_waits_out_transient_foreign_session
FAILED tests/test_dc11t2_async_test_utils.py::test_temp_db_persistent_foreign_session_fails_closed_sanitized
FAILED tests/test_dc11t2_async_test_utils.py::test_temp_db_original_exception_preserved_by_identity
FAILED tests/test_dc11t2_async_test_utils.py::test_temp_db_body_and_cleanup_failure_raise_exception_group
FAILED tests/test_dc11t4c_reporting_bootstrap_contract.py::test_public_alembic_alone_preserves_tenant_schema_set
FAILED tests/test_dc12r1_s1_r5_migration_preflight_exact_catalog.py::test_actual_alembic_035_to_036_failure_rolls_back_then_repaired_upgrade_noops
FAILED tests/test_s4g_migration_infrastructure_hardening.py::test_alembic_upgrade_head_creates_wide_version_table_on_fresh_database
FAILED tests/test_s4g_migration_infrastructure_hardening.py::test_alembic_upgrade_head_widens_existing_varchar32_version_table
FAILED tests/test_s4g_migration_infrastructure_hardening.py::test_migration_017_creates_retailer_prices_on_fresh_tenant_schema
FAILED tests/test_s4g_migration_infrastructure_hardening.py::test_migration_017_reconciles_compatible_preexisting_retailer_prices
FAILED tests/test_s4g_migration_infrastructure_hardening.py::test_migration_017_fails_closed_for_incompatible_retailer_prices
ERROR tests/test_dc12r1_s3_s2b_i1_r4_r1_real_alembic_upgrade.py::TestRealAlembicUpgradeFailClosed::test_missing_payments_table_fails
ERROR tests/test_dc12r1_s3_s2b_i1_r4_r1_real_alembic_upgrade.py::TestRealAlembicUpgradeFailClosed::test_unbounded_transaction_id_rejected
ERROR tests/test_dc12r1_s3_s2b_i1_r4_r1_real_alembic_upgrade.py::TestRealAlembicUpgradeFailClosed::test_permission_collision_fails_upgrade
ERROR tests/test_dc12r1_s3_s2b_i1_r4_r1_real_alembic_upgrade.py::TestRealAlembicUpgradeFailClosed::test_receipt_sequences_extra_column_rejected
ERROR tests/test_dc12r1_s3_s2b_i1_r4_r1_real_alembic_upgrade.py::TestRealAlembicUpgradeFailClosed::test_check_or_true_weakening_rejected
ERROR tests/test_dc12r1_s3_s2b_i1_r4_r1_real_alembic_upgrade.py::TestRealAlembicUpgradeFailClosed::test_fk_cascade_rejected
ERROR tests/test_dc12r1_s3_s2b_i1_r4_r1_real_alembic_upgrade.py::TestRealAlembicUpgradeFailClosed::test_wrong_index_keys_rejected
ERROR tests/test_dc12r1_s3_s2b_i1_r4_r1_real_alembic_upgrade.py::TestRealAlembicUpgradeFailClosed::test_amount_ge_zero_weakening_rejected
ERROR tests/test_dc12r1_s3_s2b_i1_r4_r1_real_alembic_upgrade.py::TestRealAlembicUpgradeFailClosed::test_status_missing_default_rejected
ERROR tests/test_dc12r1_s3_s2b_i1_r4_r1_real_alembic_upgrade.py::TestRealAlembicUpgradeFailClosed::test_next_seq_wrong_default_rejected
ERROR tests/test_dc12r1_s3_s2b_i1_r4_r1_real_alembic_upgrade.py::TestRealAlembicUpgradeFailClosed::test_check_wrong_column_identity_rejected
ERROR tests/test_dc12r1_s3_s2b_i1_r4_r1_real_alembic_upgrade.py::TestRealAlembicUpgradeFailClosed::test_status_not_equal_chain_rejected
ERROR tests/test_dc12r1_s3_s2b_i1_r4_r1_real_alembic_upgrade.py::TestRealAlembicUpgradeFailClosed::test_status_or_1_equals_1_weakening_rejected
ERROR tests/test_dc12r1_s3_s2b_i1_r4_r1_real_alembic_upgrade.py::TestRealAlembicUpgradeFailClosed::test_amount_or_1_equals_1_weakening_rejected
ERROR tests/test_dc12r1_s3_s2b_i1_r4_r1_real_alembic_upgrade.py::TestRealAlembicUpgradeFailClosed::test_status_default_trailing_space_rejected
ERROR tests/test_dc12r1_s3_s2b_i1_r4_r1_real_alembic_upgrade.py::TestRealAlembicUpgradeFailClosed::test_receipt_index_wrong_key_rejected
ERROR tests/test_dc12r1_s3_s2b_i1_r4_r1_real_alembic_upgrade.py::TestRealAlembicUpgradeFailClosed::test_receipt_index_weakened_predicate_rejected
ERROR tests/test_dc12r1_s3_s2b_i1_r4_r1_real_alembic_upgrade.py::TestRealAlembicUpgradeFailClosed::test_regular_index_extra_predicate_rejected
ERROR tests/test_dc12r1_s3_s2b_i1_r4_r1_real_alembic_upgrade.py::TestRealAlembicUpgradeFailClosed::test_regular_index_wrong_uniqueness_rejected
ERROR tests/test_dc12r1_s3_s2b_i1_r4_r1_real_alembic_upgrade.py::TestRealAlembicUpgradeFailClosed::test_canonical_upgrade_reaches_037_and_second_run_noops
ERROR tests/test_dc12r1_s3_s2b_i1_r4_r1_real_alembic_upgrade.py::TestExactCatalogShapeBypass::test_check_extra_and_condition_rejected
ERROR tests/test_dc12r1_s3_s2b_i1_r4_r1_real_alembic_upgrade.py::TestExactCatalogShapeBypass::test_amount_range_constraint_rejected
ERROR tests/test_dc12r1_s3_s2b_i1_r4_r1_real_alembic_upgrade.py::TestExactCatalogShapeBypass::test_index_expression_key_rejected
ERROR tests/test_dc12r1_s3_s2b_i1_r4_r1_real_alembic_upgrade.py::TestExactCatalogShapeBypass::test_composite_fk_rejected
ERROR tests/test_dc12r1_s3_s2b_i1_r4_r1_real_alembic_upgrade.py::TestExactCatalogShapeBypass::test_composite_pk_rejected
ERROR tests/test_dc12r1_s3_s2b_i1_r4_r1_real_alembic_upgrade.py::TestExactCatalogShapeBypass::test_prefix_compatible_wrong_type_rejected
ERROR tests/test_dc12r1_s3_s2b_i1_r4_r1_real_alembic_upgrade.py::TestExactCatalogShapeBypass::test_computed_status_default_rejected
ERROR tests/test_dc12r1_s3_s2b_i1_r4_r1_real_alembic_upgrade.py::TestExactCatalogShapeBypass::test_next_seq_computed_default_rejected
ERROR tests/test_dc12r1_s3_s2b_i1_r4_r1_real_alembic_upgrade.py::TestTwoRegisteredTenantsUpgrade::test_cross_tenant_failure_neither_mutates
= 13 failed, 3627 passed, 100 skipped, 15 xfailed, 12542 warnings, 29 errors in 1568.67s (0:26:08) =
