node_id,category,root_cause_summary,independently_reproducible,suggested_work_package
tests.business.test_s4e_reservation_schema_contract::test_fresh_tenant_bootstrap_creates_inventory_reservations_contract,CONFIGURATION_DRIFT,Bootstrap reconcile: reporting_role does not exist; migration 011_s6_p_reporting_role must run first,YES,WP-RECONCILE-ROLE
tests.business.test_s4f_business_invariant_closeout::test_same_sku_code_isolated_across_two_tenant_schemas,CONFIGURATION_DRIFT,Bootstrap reconcile: reporting_role does not exist; migration 011_s6_p_reporting_role must run first,YES,WP-RECONCILE-ROLE
tests.test_models_structure.TestORMModelStructure::test_all_models_have_audit_columns,STALE_TEST_CONTRACT,"DurableApprovalDecision missing audit columns (updated_at, is_deleted, deleted_at)",YES,WP-STALE-ASSERT
tests.test_models_structure.TestORMModelStructure::test_all_models_have_explicit_tablename,STALE_TEST_CONTRACT,PlatformBackupOutcome.__tablename__ platform_backup_outcome not snake_case plural,YES,WP-STALE-ASSERT
tests.test_models_structure.TestORMModelStructure::test_all_models_have_uuid_primary_key,STALE_TEST_CONTRACT,DurableApprovalDecision pk named decision_id; test expects id,YES,WP-STALE-ASSERT
tests.test_models_structure.TestPublicBaseModel::test_public_base_model_has_audit_columns,STALE_TEST_CONTRACT,"PublicBaseModel missing audit columns (updated_at, is_deleted, deleted_at)",YES,WP-STALE-ASSERT
tests.test_payments_schema_contract.TestLiveRetailerPricesContract::test_live_created_at_not_null,CONFIRMED_MIGRATION_GAP,G1: t_dev.retailer_prices DDL mismatch — wrong constraint names from old migration,YES,WP-MIG-G1-RETAILER
tests.test_payments_schema_contract.TestLiveRetailerPricesContract::test_live_has_check_constraint,CONFIRMED_MIGRATION_GAP,G1: t_dev.retailer_prices DDL mismatch — wrong constraint names from old migration,YES,WP-MIG-G1-RETAILER
tests.test_payments_schema_contract.TestLiveRetailerPricesContract::test_live_has_price,CONFIRMED_MIGRATION_GAP,G1: t_dev.retailer_prices DDL mismatch — wrong constraint names from old migration,YES,WP-MIG-G1-RETAILER
tests.test_payments_schema_contract.TestLiveRetailerPricesContract::test_live_has_retailer_id,CONFIRMED_MIGRATION_GAP,G1: t_dev.retailer_prices DDL mismatch — wrong constraint names from old migration,YES,WP-MIG-G1-RETAILER
tests.test_payments_schema_contract.TestLiveRetailerPricesContract::test_live_has_retailer_id_index,CONFIRMED_MIGRATION_GAP,G1: t_dev.retailer_prices DDL mismatch — wrong constraint names from old migration,YES,WP-MIG-G1-RETAILER
tests.test_payments_schema_contract.TestLiveRetailerPricesContract::test_live_has_sku_id,CONFIRMED_MIGRATION_GAP,G1: t_dev.retailer_prices DDL mismatch — wrong constraint names from old migration,YES,WP-MIG-G1-RETAILER
tests.test_payments_schema_contract.TestLiveRetailerPricesContract::test_live_has_sku_id_index,CONFIRMED_MIGRATION_GAP,G1: t_dev.retailer_prices DDL mismatch — wrong constraint names from old migration,YES,WP-MIG-G1-RETAILER
tests.test_payments_schema_contract.TestLiveRetailerPricesContract::test_live_has_unique_constraint,CONFIRMED_MIGRATION_GAP,G1: t_dev.retailer_prices DDL mismatch — wrong constraint names from old migration,YES,WP-MIG-G1-RETAILER
tests.test_payments_schema_contract.TestLiveRetailerPricesContract::test_live_is_deleted_not_null,CONFIRMED_MIGRATION_GAP,G1: t_dev.retailer_prices DDL mismatch — wrong constraint names from old migration,YES,WP-MIG-G1-RETAILER
tests.test_payments_schema_contract.TestLiveRetailerPricesContract::test_live_price_not_null,CONFIRMED_MIGRATION_GAP,G1: t_dev.retailer_prices DDL mismatch — wrong constraint names from old migration,YES,WP-MIG-G1-RETAILER
tests.test_payments_schema_contract.TestLiveRetailerPricesContract::test_live_retailer_id_not_null,CONFIRMED_MIGRATION_GAP,G1: t_dev.retailer_prices DDL mismatch — wrong constraint names from old migration,YES,WP-MIG-G1-RETAILER
tests.test_payments_schema_contract.TestLiveRetailerPricesContract::test_live_sku_id_not_null,CONFIRMED_MIGRATION_GAP,G1: t_dev.retailer_prices DDL mismatch — wrong constraint names from old migration,YES,WP-MIG-G1-RETAILER
tests.test_payments_schema_contract.TestLiveRetailerPricesContract::test_live_updated_at_not_null,CONFIRMED_MIGRATION_GAP,G1: t_dev.retailer_prices DDL mismatch — wrong constraint names from old migration,YES,WP-MIG-G1-RETAILER
tests.test_platform_p17dc_backup_registry_read.TestLoadBackupStatusMap::test_empty_tenant_ids,TEST_FIXTURE_ISOLATION,Cluster A: RuntimeError no current event loop in thread MainThread — pytest asyncio config,YES,WP-ASYNC-FIX
tests.test_platform_p17dc_backup_registry_read.TestLoadBackupStatusMap::test_latest_completed_chosen_per_kind,TEST_FIXTURE_ISOLATION,Cluster A: RuntimeError no current event loop in thread MainThread — pytest asyncio config,YES,WP-ASYNC-FIX
tests.test_platform_p17dc_backup_registry_read.TestLoadBackupStatusMap::test_load_map_performs_no_mutations,TEST_FIXTURE_ISOLATION,Cluster A: RuntimeError no current event loop in thread MainThread — pytest asyncio config,YES,WP-ASYNC-FIX
tests.test_platform_p17dc_backup_registry_read.TestLoadBackupStatusMap::test_no_outcomes_yields_unknown_per_tenant,TEST_FIXTURE_ISOLATION,Cluster A: RuntimeError no current event loop in thread MainThread — pytest asyncio config,YES,WP-ASYNC-FIX
tests.test_platform_p17dc_backup_registry_read.TestLoadBackupStatusMap::test_platform_wide_fallback_when_no_tenant_outcome,TEST_FIXTURE_ISOLATION,Cluster A: RuntimeError no current event loop in thread MainThread — pytest asyncio config,YES,WP-ASYNC-FIX
tests.test_platform_p17dc_backup_registry_read.TestLoadBackupStatusMap::test_policy_tenant_then_platform_default,TEST_FIXTURE_ISOLATION,Cluster A: RuntimeError no current event loop in thread MainThread — pytest asyncio config,YES,WP-ASYNC-FIX
tests.test_platform_p17dc_backup_registry_read.TestLoadBackupStatusMap::test_read_failure_returns_none,TEST_FIXTURE_ISOLATION,Cluster A: RuntimeError no current event loop in thread MainThread — pytest asyncio config,YES,WP-ASYNC-FIX
tests.test_platform_p17dc_backup_registry_read.TestLoadBackupStatusMap::test_tenant_specific_preferred_over_platform_wide,TEST_FIXTURE_ISOLATION,Cluster A: RuntimeError no current event loop in thread MainThread — pytest asyncio config,YES,WP-ASYNC-FIX
tests.test_platform_p17dc_backup_registry_read.TestRegistryAssembly::test_fresh_success_attached_to_registry,TEST_FIXTURE_ISOLATION,Cluster B: Stale backup outcome status assertion (stale vs success) — fixture date mock drift,YES,WP-FIXTURE-STALE-BACKUP
tests.test_platform_p17dc_backup_registry_read.TestRegistryAssembly::test_tenant_specific_wins_over_platform_at_registry,TEST_FIXTURE_ISOLATION,Cluster B: Stale backup outcome status assertion (stale vs success) — fixture date mock drift,YES,WP-FIXTURE-STALE-BACKUP
tests.test_platform_p21dd_runtime_storage_cutover_gate.TestDegradedPath::test_create_degraded_when_op_fails_after_readiness,TEST_FIXTURE_ISOLATION,Cluster A: RuntimeError no current event loop in thread MainThread — pytest asyncio config,YES,WP-ASYNC-FIX
tests.test_platform_p21dd_runtime_storage_cutover_gate.TestDurableDualControl::test_approve_denied_against_unknown_source,TEST_FIXTURE_ISOLATION,Cluster A: RuntimeError no current event loop in thread MainThread — pytest asyncio config,YES,WP-ASYNC-FIX
tests.test_platform_p21dd_runtime_storage_cutover_gate.TestDurableDualControl::test_maker_cannot_self_decide,TEST_FIXTURE_ISOLATION,Cluster A: RuntimeError no current event loop in thread MainThread — pytest asyncio config,YES,WP-ASYNC-FIX
tests.test_platform_p21dd_runtime_storage_cutover_gate.TestDurableDualControl::test_payload_approver_mismatch_denied,TEST_FIXTURE_ISOLATION,Cluster A: RuntimeError no current event loop in thread MainThread — pytest asyncio config,YES,WP-ASYNC-FIX
tests.test_platform_p21dd_runtime_storage_cutover_gate.TestDurableDualControl::test_quorum_requires_two_distinct_checkers,TEST_FIXTURE_ISOLATION,Cluster A: RuntimeError no current event loop in thread MainThread — pytest asyncio config,YES,WP-ASYNC-FIX
tests.test_platform_p21dd_runtime_storage_cutover_gate.TestDurableDualControl::test_reject_is_final,TEST_FIXTURE_ISOLATION,Cluster A: RuntimeError no current event loop in thread MainThread — pytest asyncio config,YES,WP-ASYNC-FIX
tests.test_platform_p21dd_runtime_storage_cutover_gate.TestDurableHappyPath::test_create_persists_to_durable_table,TEST_FIXTURE_ISOLATION,Cluster A: RuntimeError no current event loop in thread MainThread — pytest asyncio config,YES,WP-ASYNC-FIX
tests.test_platform_p21dd_runtime_storage_cutover_gate.TestDurableHappyPath::test_create_records_durable_and_no_execution,TEST_FIXTURE_ISOLATION,Cluster A: RuntimeError no current event loop in thread MainThread — pytest asyncio config,YES,WP-ASYNC-FIX
tests.test_platform_p21dd_runtime_storage_cutover_gate.TestDurableHappyPath::test_durable_list_filters_and_marks_durable,TEST_FIXTURE_ISOLATION,Cluster A: RuntimeError no current event loop in thread MainThread — pytest asyncio config,YES,WP-ASYNC-FIX
tests.test_platform_p21dd_runtime_storage_cutover_gate.TestDurableHappyPath::test_durable_read_not_found_returns_none,TEST_FIXTURE_ISOLATION,Cluster A: RuntimeError no current event loop in thread MainThread — pytest asyncio config,YES,WP-ASYNC-FIX
tests.test_platform_p21dd_runtime_storage_cutover_gate.TestDurableHappyPath::test_durable_read_returns_record,TEST_FIXTURE_ISOLATION,Cluster A: RuntimeError no current event loop in thread MainThread — pytest asyncio config,YES,WP-ASYNC-FIX
tests.test_platform_p21dd_runtime_storage_cutover_gate.TestDurableIdempotency::test_create_conflict_on_same_key_different_payload,TEST_FIXTURE_ISOLATION,Cluster A: RuntimeError no current event loop in thread MainThread — pytest asyncio config,YES,WP-ASYNC-FIX
tests.test_platform_p21dd_runtime_storage_cutover_gate.TestDurableIdempotency::test_create_key_digest_only_no_raw_in_db,TEST_FIXTURE_ISOLATION,Cluster A: RuntimeError no current event loop in thread MainThread — pytest asyncio config,YES,WP-ASYNC-FIX
tests.test_platform_p21dd_runtime_storage_cutover_gate.TestDurableIdempotency::test_duplicate_create_returns_original,TEST_FIXTURE_ISOLATION,Cluster A: RuntimeError no current event loop in thread MainThread — pytest asyncio config,YES,WP-ASYNC-FIX
tests.test_platform_p21dd_runtime_storage_cutover_gate.TestExplicitMemoryMode::test_memory_mode_uses_in_memory_store,TEST_FIXTURE_ISOLATION,Cluster A: RuntimeError no current event loop in thread MainThread — pytest asyncio config,YES,WP-ASYNC-FIX
tests.test_platform_p21dd_runtime_storage_cutover_gate.TestReadinessGate::test_ready_on_migrated_db,TEST_FIXTURE_ISOLATION,Cluster A: RuntimeError no current event loop in thread MainThread — pytest asyncio config,YES,WP-ASYNC-FIX
tests.test_platform_p21dd_runtime_storage_cutover_gate.TestReadinessGate::test_shell_schema_passes_table_count,TEST_FIXTURE_ISOLATION,Cluster A: RuntimeError no current event loop in thread MainThread — pytest asyncio config,YES,WP-ASYNC-FIX
tests.test_platform_p21dd_runtime_storage_cutover_gate.TestReadinessGate::test_storage_not_ready_when_schema_missing,TEST_FIXTURE_ISOLATION,Cluster A: RuntimeError no current event loop in thread MainThread — pytest asyncio config,YES,WP-ASYNC-FIX
tests.test_platform_p21dd_runtime_storage_cutover_gate.TestReadinessGate::test_unavailable_when_db_unreachable,TEST_FIXTURE_ISOLATION,Cluster A: RuntimeError no current event loop in thread MainThread — pytest asyncio config,YES,WP-ASYNC-FIX
tests.test_platform_p21dd_runtime_storage_cutover_gate.TestRestartSafety::test_create_survives_new_session,TEST_FIXTURE_ISOLATION,Cluster A: RuntimeError no current event loop in thread MainThread — pytest asyncio config,YES,WP-ASYNC-FIX
tests.test_platform_p21dd_runtime_storage_cutover_gate.TestStoreNotReady::test_create_raises_and_writes_no_memory,TEST_FIXTURE_ISOLATION,Cluster A: RuntimeError no current event loop in thread MainThread — pytest asyncio config,YES,WP-ASYNC-FIX
tests.test_platform_p21dd_runtime_storage_cutover_gate.TestStoreNotReady::test_decision_raises_and_writes_no_memory,TEST_FIXTURE_ISOLATION,Cluster A: RuntimeError no current event loop in thread MainThread — pytest asyncio config,YES,WP-ASYNC-FIX
tests.test_platform_p21dd_runtime_storage_cutover_gate.TestStoreNotReady::test_no_silent_memory_fallback_record_returned,TEST_FIXTURE_ISOLATION,Cluster A: RuntimeError no current event loop in thread MainThread — pytest asyncio config,YES,WP-ASYNC-FIX
tests.test_platform_p21dd_runtime_storage_cutover_gate.TestStoreNotReady::test_not_ready_leaks_no_raw_key_or_reason,TEST_FIXTURE_ISOLATION,Cluster A: RuntimeError no current event loop in thread MainThread — pytest asyncio config,YES,WP-ASYNC-FIX
tests.test_platform_p21dd_runtime_storage_cutover_gate.TestStoreNotReady::test_read_and_list_raise_when_not_ready,TEST_FIXTURE_ISOLATION,Cluster A: RuntimeError no current event loop in thread MainThread — pytest asyncio config,YES,WP-ASYNC-FIX
tests.test_platform_p21_durable_approval_adapter_implementation::test_audit_sequence_no_monotonic_across_restart,TEST_FIXTURE_ISOLATION,Cluster A: RuntimeError no current event loop in thread MainThread — pytest asyncio config,YES,WP-ASYNC-FIX
tests.test_platform_p21_durable_approval_adapter_implementation::test_conflict_checker_flip_is_rejected,TEST_FIXTURE_ISOLATION,Cluster A: RuntimeError no current event loop in thread MainThread — pytest asyncio config,YES,WP-ASYNC-FIX
tests.test_platform_p21_durable_approval_adapter_implementation::test_create_conflict_on_same_key_different_payload,TEST_FIXTURE_ISOLATION,Cluster A: RuntimeError no current event loop in thread MainThread — pytest asyncio config,YES,WP-ASYNC-FIX
tests.test_platform_p21_durable_approval_adapter_implementation::test_create_denials_persist_no_request_row,TEST_FIXTURE_ISOLATION,Cluster A: RuntimeError no current event loop in thread MainThread — pytest asyncio config,YES,WP-ASYNC-FIX
tests.test_platform_p21_durable_approval_adapter_implementation::test_create_idempotent_replay_returns_duplicate,TEST_FIXTURE_ISOLATION,Cluster A: RuntimeError no current event loop in thread MainThread — pytest asyncio config,YES,WP-ASYNC-FIX
tests.test_platform_p21_durable_approval_adapter_implementation::test_create_persists_request_audit_idempotency_and_no_execution,TEST_FIXTURE_ISOLATION,Cluster A: RuntimeError no current event loop in thread MainThread — pytest asyncio config,YES,WP-ASYNC-FIX
tests.test_platform_p21_durable_approval_adapter_implementation::test_decision_persists_checker_audit_idempotency,TEST_FIXTURE_ISOLATION,Cluster A: RuntimeError no current event loop in thread MainThread — pytest asyncio config,YES,WP-ASYNC-FIX
tests.test_platform_p21_durable_approval_adapter_implementation::test_duplicate_decision_same_checker_is_idempotent,TEST_FIXTURE_ISOLATION,Cluster A: RuntimeError no current event loop in thread MainThread — pytest asyncio config,YES,WP-ASYNC-FIX
tests.test_platform_p21_durable_approval_adapter_implementation::test_get_request_not_found,TEST_FIXTURE_ISOLATION,Cluster A: RuntimeError no current event loop in thread MainThread — pytest asyncio config,YES,WP-ASYNC-FIX
tests.test_platform_p21_durable_approval_adapter_implementation::test_list_requests_filters_and_pagination,TEST_FIXTURE_ISOLATION,Cluster A: RuntimeError no current event loop in thread MainThread — pytest asyncio config,YES,WP-ASYNC-FIX
tests.test_platform_p21_durable_approval_adapter_implementation::test_maker_checker_denies_self_decision_and_persists_nothing,TEST_FIXTURE_ISOLATION,Cluster A: RuntimeError no current event loop in thread MainThread — pytest asyncio config,YES,WP-ASYNC-FIX
tests.test_platform_p21_durable_approval_adapter_implementation::test_no_execution_invariant_across_lifecycle,TEST_FIXTURE_ISOLATION,Cluster A: RuntimeError no current event loop in thread MainThread — pytest asyncio config,YES,WP-ASYNC-FIX
tests.test_platform_p21_durable_approval_adapter_implementation::test_quorum_met_persists_approved_execution_blocked,TEST_FIXTURE_ISOLATION,Cluster A: RuntimeError no current event loop in thread MainThread — pytest asyncio config,YES,WP-ASYNC-FIX
tests.test_platform_p21_durable_approval_adapter_implementation::test_raw_idempotency_key_never_persisted,TEST_FIXTURE_ISOLATION,Cluster A: RuntimeError no current event loop in thread MainThread — pytest asyncio config,YES,WP-ASYNC-FIX
tests.test_platform_p21_durable_approval_adapter_implementation::test_raw_secret_reason_redacted_before_persistence,TEST_FIXTURE_ISOLATION,Cluster A: RuntimeError no current event loop in thread MainThread — pytest asyncio config,YES,WP-ASYNC-FIX
tests.test_platform_p21_durable_approval_adapter_implementation::test_reject_is_final_blocks_later_approve,TEST_FIXTURE_ISOLATION,Cluster A: RuntimeError no current event loop in thread MainThread — pytest asyncio config,YES,WP-ASYNC-FIX
tests.test_platform_p21_durable_approval_adapter_implementation::test_restart_safety_new_adapter_reads_back,TEST_FIXTURE_ISOLATION,Cluster A: RuntimeError no current event loop in thread MainThread — pytest asyncio config,YES,WP-ASYNC-FIX
tests.test_platform_p21_durable_approval_adapter_implementation::test_retention_and_export_methods_remain_deferred,TEST_FIXTURE_ISOLATION,Cluster A: RuntimeError no current event loop in thread MainThread — pytest asyncio config,YES,WP-ASYNC-FIX
tests.test_platform_p21_durable_approval_adapter_implementation::test_source_honesty_blocks_approve_against_unknown_source,TEST_FIXTURE_ISOLATION,Cluster A: RuntimeError no current event loop in thread MainThread — pytest asyncio config,YES,WP-ASYNC-FIX
tests.test_platform_p21_durable_approval_adapter_skeleton::test_no_new_alembic_migration_chained_on_020,SKELETON_TEST_RETIRED,Git diff-based contract test fails in detached worktree (no parent to diff against),NO,WP-SKELETON-WORKTREE
tests.test_platform_p21e_durable_approval_runtime_closeout.TestRestartSafetyCloseout::test_decision_reaches_quorum_across_restart_boundary,TEST_FIXTURE_ISOLATION,Cluster A: RuntimeError no current event loop in thread MainThread — pytest asyncio config,YES,WP-ASYNC-FIX
tests.test_platform_p21e_durable_approval_runtime_closeout.TestRestartSafetyCloseout::test_list_finds_record_after_session_restart,TEST_FIXTURE_ISOLATION,Cluster A: RuntimeError no current event loop in thread MainThread — pytest asyncio config,YES,WP-ASYNC-FIX
tests.test_platform_p22e1_runtime_governed_adapter_seam::test_backup_check_passes_preflight_only_as_a_non_executing_slot,TEST_FIXTURE_ISOLATION,Cluster A: RuntimeError no current event loop in thread MainThread — pytest asyncio config,YES,WP-ASYNC-FIX
tests.test_platform_p22e1_runtime_governed_adapter_seam::test_preflight_blocks_on_idempotency_conflict,TEST_FIXTURE_ISOLATION,Cluster A: RuntimeError no current event loop in thread MainThread — pytest asyncio config,YES,WP-ASYNC-FIX
tests.test_platform_p22e1_runtime_governed_adapter_seam::test_preflight_blocks_when_acknowledgement_missing,TEST_FIXTURE_ISOLATION,Cluster A: RuntimeError no current event loop in thread MainThread — pytest asyncio config,YES,WP-ASYNC-FIX
tests.test_platform_p22e1_runtime_governed_adapter_seam::test_preflight_blocks_when_action_not_allowlisted,TEST_FIXTURE_ISOLATION,Cluster A: RuntimeError no current event loop in thread MainThread — pytest asyncio config,YES,WP-ASYNC-FIX
tests.test_platform_p22e1_runtime_governed_adapter_seam::test_preflight_blocks_when_dry_run_missing_or_invalid,TEST_FIXTURE_ISOLATION,Cluster A: RuntimeError no current event loop in thread MainThread — pytest asyncio config,YES,WP-ASYNC-FIX
tests.test_platform_p22e1_runtime_governed_adapter_seam::test_preflight_blocks_when_executor_not_identity_super_admin,TEST_FIXTURE_ISOLATION,Cluster A: RuntimeError no current event loop in thread MainThread — pytest asyncio config,YES,WP-ASYNC-FIX
tests.test_platform_p22e1_runtime_governed_adapter_seam::test_preflight_blocks_when_idempotency_digest_missing,TEST_FIXTURE_ISOLATION,Cluster A: RuntimeError no current event loop in thread MainThread — pytest asyncio config,YES,WP-ASYNC-FIX
tests.test_platform_p22e1_runtime_governed_adapter_seam::test_preflight_idempotency_replay_does_not_block_and_executes_nothing,TEST_FIXTURE_ISOLATION,Cluster A: RuntimeError no current event loop in thread MainThread — pytest asyncio config,YES,WP-ASYNC-FIX
tests.test_platform_p22e1_runtime_governed_adapter_seam::test_preflight_passes_on_a_fully_valid_binding_but_realizes_no_execution,TEST_FIXTURE_ISOLATION,Cluster A: RuntimeError no current event loop in thread MainThread — pytest asyncio config,YES,WP-ASYNC-FIX
tests.test_platform_p22e1_runtime_governed_adapter_seam::test_preflight_revalidates_approval_state_fail_closed,TEST_FIXTURE_ISOLATION,Cluster A: RuntimeError no current event loop in thread MainThread — pytest asyncio config,YES,WP-ASYNC-FIX
tests.test_platform_p22e1_runtime_governed_adapter_seam::test_preflight_revalidates_target_tenant_binding,TEST_FIXTURE_ISOLATION,Cluster A: RuntimeError no current event loop in thread MainThread — pytest asyncio config,YES,WP-ASYNC-FIX
tests.test_platform_p22e1_runtime_governed_adapter_seam::test_preflight_shape_does_not_leak_request_values,TEST_FIXTURE_ISOLATION,Cluster A: RuntimeError no current event loop in thread MainThread — pytest asyncio config,YES,WP-ASYNC-FIX
tests.test_platform_p22e3_backup_check_source_probe.TestFailClosed::test_loader_returns_none_is_unavailable,TEST_FIXTURE_ISOLATION,Cluster A: RuntimeError no current event loop in thread MainThread — pytest asyncio config,YES,WP-ASYNC-FIX
tests.test_platform_p22e3_backup_check_source_probe.TestFailClosed::test_read_exception_returns_unavailable_no_500,TEST_FIXTURE_ISOLATION,Cluster A: RuntimeError no current event loop in thread MainThread — pytest asyncio config,YES,WP-ASYNC-FIX
tests.test_platform_p22e3_backup_check_source_probe.TestReadOnly::test_platform_wide_read_uses_platform_fallback,TEST_FIXTURE_ISOLATION,Cluster A: RuntimeError no current event loop in thread MainThread — pytest asyncio config,YES,WP-ASYNC-FIX
tests.test_platform_p22e3_backup_check_source_probe.TestReadOnly::test_probe_performs_no_session_mutations,TEST_FIXTURE_ISOLATION,Cluster A: RuntimeError no current event loop in thread MainThread — pytest asyncio config,YES,WP-ASYNC-FIX
tests.test_platform_p22e3_backup_check_source_probe.TestSourceMapping::test_failed_carries_allowlisted_reason_only,TEST_FIXTURE_ISOLATION,Cluster A: RuntimeError no current event loop in thread MainThread — pytest asyncio config,YES,WP-ASYNC-FIX
tests.test_platform_p22e3_backup_check_source_probe.TestSourceMapping::test_fresh_success_is_known_readable_summary,TEST_FIXTURE_ISOLATION,Cluster A: RuntimeError no current event loop in thread MainThread — pytest asyncio config,YES,WP-ASYNC-FIX
tests.test_platform_p22e3_backup_check_source_probe.TestSourceMapping::test_in_progress_is_degraded,TEST_FIXTURE_ISOLATION,Cluster A: RuntimeError no current event loop in thread MainThread — pytest asyncio config,YES,WP-ASYNC-FIX
tests.test_platform_p22e3_backup_check_source_probe.TestSourceMapping::test_no_outcome_is_unknown_never_healthy,TEST_FIXTURE_ISOLATION,Cluster A: RuntimeError no current event loop in thread MainThread — pytest asyncio config,YES,WP-ASYNC-FIX
tests.test_platform_p22e3_backup_check_source_probe.TestSourceMapping::test_partial_carries_allowlisted_reason_only,TEST_FIXTURE_ISOLATION,Cluster A: RuntimeError no current event loop in thread MainThread — pytest asyncio config,YES,WP-ASYNC-FIX
tests.test_platform_p22e3_backup_check_source_probe.TestSourceMapping::test_raw_failure_reason_is_collapsed_to_unknown,TEST_FIXTURE_ISOLATION,Cluster A: RuntimeError no current event loop in thread MainThread — pytest asyncio config,YES,WP-ASYNC-FIX
tests.test_platform_p22e3_backup_check_source_probe.TestSourceMapping::test_stale_success_is_stale_never_success,TEST_FIXTURE_ISOLATION,Cluster A: RuntimeError no current event loop in thread MainThread — pytest asyncio config,YES,WP-ASYNC-FIX
tests.test_platform_p22g_governed_backup_check.TestAudit::test_audit_carries_execution_request_id,TEST_FIXTURE_ISOLATION,Cluster A: RuntimeError no current event loop in thread MainThread — pytest asyncio config,YES,WP-ASYNC-FIX
tests.test_platform_p22g_governed_backup_check.TestAudit::test_audit_denial_for_missing_binding,TEST_FIXTURE_ISOLATION,Cluster A: RuntimeError no current event loop in thread MainThread — pytest asyncio config,YES,WP-ASYNC-FIX
tests.test_platform_p22g_governed_backup_check.TestAudit::test_audit_failure_for_read_error,TEST_FIXTURE_ISOLATION,Cluster A: RuntimeError no current event loop in thread MainThread — pytest asyncio config,YES,WP-ASYNC-FIX
tests.test_platform_p22g_governed_backup_check.TestInvariantsPreserved::test_e3_source_read_still_honest,TEST_FIXTURE_ISOLATION,Cluster A: RuntimeError no current event loop in thread MainThread — pytest asyncio config,YES,WP-ASYNC-FIX
tests.test_platform_p22g_governed_backup_check.TestRequestBinding::test_mismatched_actor_blocks,TEST_FIXTURE_ISOLATION,Cluster A: RuntimeError no current event loop in thread MainThread — pytest asyncio config,YES,WP-ASYNC-FIX
tests.test_platform_p22g_governed_backup_check.TestRequestBinding::test_mismatched_field_blocks,TEST_FIXTURE_ISOLATION,Cluster A: RuntimeError no current event loop in thread MainThread — pytest asyncio config,YES,WP-ASYNC-FIX
tests.test_platform_p22g_governed_backup_check.TestRequestBinding::test_missing_execution_request_id_blocks,TEST_FIXTURE_ISOLATION,Cluster A: RuntimeError no current event loop in thread MainThread — pytest asyncio config,YES,WP-ASYNC-FIX
tests.test_platform_p22g_governed_backup_check.TestRequestBinding::test_unknown_execution_request_id_blocks,TEST_FIXTURE_ISOLATION,Cluster A: RuntimeError no current event loop in thread MainThread — pytest asyncio config,YES,WP-ASYNC-FIX
tests.test_platform_p22g_governed_backup_check.TestSourceMapping::test_fresh_success_succeeds,TEST_FIXTURE_ISOLATION,Cluster A: RuntimeError no current event loop in thread MainThread — pytest asyncio config,YES,WP-ASYNC-FIX
tests.test_platform_p22g_governed_backup_check.TestSourceMapping::test_in_progress_completes_with_warning,TEST_FIXTURE_ISOLATION,Cluster A: RuntimeError no current event loop in thread MainThread — pytest asyncio config,YES,WP-ASYNC-FIX
tests.test_platform_p22g_governed_backup_check.TestSourceMapping::test_no_source_unknown_never_healthy,TEST_FIXTURE_ISOLATION,Cluster A: RuntimeError no current event loop in thread MainThread — pytest asyncio config,YES,WP-ASYNC-FIX
tests.test_platform_p22g_governed_backup_check.TestSourceMapping::test_partial_and_failed_carry_redacted_reason,TEST_FIXTURE_ISOLATION,Cluster A: RuntimeError no current event loop in thread MainThread — pytest asyncio config,YES,WP-ASYNC-FIX
tests.test_platform_p22g_governed_backup_check.TestSourceMapping::test_read_failure_fail_closed,TEST_FIXTURE_ISOLATION,Cluster A: RuntimeError no current event loop in thread MainThread — pytest asyncio config,YES,WP-ASYNC-FIX
tests.test_platform_p22g_governed_backup_check.TestSourceMapping::test_stale_completes_with_warning,TEST_FIXTURE_ISOLATION,Cluster A: RuntimeError no current event loop in thread MainThread — pytest asyncio config,YES,WP-ASYNC-FIX
tests.test_platform_p22g_governed_backup_check.TestTenantScope::test_tenant_id_propagates,TEST_FIXTURE_ISOLATION,Cluster A: RuntimeError no current event loop in thread MainThread — pytest asyncio config,YES,WP-ASYNC-FIX
tests.test_platform_p23_source_materialization.TestHonestyAndRedaction::test_backup_check_warning_never_displayed_as_success,TEST_FIXTURE_ISOLATION,Cluster A: RuntimeError no current event loop in thread MainThread — pytest asyncio config,YES,WP-ASYNC-FIX
tests.test_platform_p23_source_materialization.TestHonestyAndRedaction::test_source_unknown_never_displayed_healthy,TEST_FIXTURE_ISOLATION,Cluster A: RuntimeError no current event loop in thread MainThread — pytest asyncio config,YES,WP-ASYNC-FIX
tests.test_platform_p23_source_materialization.TestMaterializeAll::test_aggregates_across_sources_with_totals,TEST_FIXTURE_ISOLATION,Cluster A: RuntimeError no current event loop in thread MainThread — pytest asyncio config,YES,WP-ASYNC-FIX
tests.test_platform_p23_source_materialization.TestMaterializeAll::test_fresh_backup_and_only_non_pending_approvals_creates_nothing,TEST_FIXTURE_ISOLATION,Cluster A: RuntimeError no current event loop in thread MainThread — pytest asyncio config,YES,WP-ASYNC-FIX
tests.test_platform_p23_source_materialization.TestMaterializeBackupCheck::test_degraded_creates_backup_check_warning_task,TEST_FIXTURE_ISOLATION,Cluster A: RuntimeError no current event loop in thread MainThread — pytest asyncio config,YES,WP-ASYNC-FIX
tests.test_platform_p23_source_materialization.TestMaterializeBackupCheck::test_fresh_success_skips_no_task,TEST_FIXTURE_ISOLATION,Cluster A: RuntimeError no current event loop in thread MainThread — pytest asyncio config,YES,WP-ASYNC-FIX
tests.test_platform_p23_source_materialization.TestMaterializeBackupCheck::test_read_failure_is_fail_closed_to_source_unknown,TEST_FIXTURE_ISOLATION,Cluster A: RuntimeError no current event loop in thread MainThread — pytest asyncio config,YES,WP-ASYNC-FIX
tests.test_platform_p23_source_materialization.TestMaterializeBackupCheck::test_unavailable_counts_unavailable_and_surfaces_source_unknown,TEST_FIXTURE_ISOLATION,Cluster A: RuntimeError no current event loop in thread MainThread — pytest asyncio config,YES,WP-ASYNC-FIX
tests.test_platform_p23_source_materialization.TestMaterializeBackupCheck::test_unknown_creates_source_unknown_task,TEST_FIXTURE_ISOLATION,Cluster A: RuntimeError no current event loop in thread MainThread — pytest asyncio config,YES,WP-ASYNC-FIX
tests.test_platform_p25eb_durable_approval_resolver_integration.TestFailClosedMatrix::test_action_mismatch_blocks,TEST_FIXTURE_ISOLATION,Cluster A: RuntimeError no current event loop in thread MainThread — pytest asyncio config,YES,WP-ASYNC-FIX
tests.test_platform_p25eb_durable_approval_resolver_integration.TestFailClosedMatrix::test_missing_approval_blocks,TEST_FIXTURE_ISOLATION,Cluster A: RuntimeError no current event loop in thread MainThread — pytest asyncio config,YES,WP-ASYNC-FIX
tests.test_platform_p25eb_durable_approval_resolver_integration.TestFailClosedMatrix::test_no_db_session_blocks,TEST_FIXTURE_ISOLATION,Cluster A: RuntimeError no current event loop in thread MainThread — pytest asyncio config,YES,WP-ASYNC-FIX
tests.test_platform_p25eb_durable_approval_resolver_integration.TestFailClosedMatrix::test_non_approved_state_blocks,TEST_FIXTURE_ISOLATION,Cluster A: RuntimeError no current event loop in thread MainThread — pytest asyncio config,YES,WP-ASYNC-FIX
tests.test_platform_p25eb_durable_approval_resolver_integration.TestFailClosedMatrix::test_read_raise_fail_closed,TEST_FIXTURE_ISOLATION,Cluster A: RuntimeError no current event loop in thread MainThread — pytest asyncio config,YES,WP-ASYNC-FIX
tests.test_platform_p25eb_durable_approval_resolver_integration.TestFailClosedMatrix::test_storage_not_ready_blocks_with_no_memory_fallback,TEST_FIXTURE_ISOLATION,Cluster A: RuntimeError no current event loop in thread MainThread — pytest asyncio config,YES,WP-ASYNC-FIX
tests.test_platform_p25eb_durable_approval_resolver_integration.TestHappyPathDurableResolution::test_dry_run_passes_through_default_durable_resolver,TEST_FIXTURE_ISOLATION,Cluster A: RuntimeError no current event loop in thread MainThread — pytest asyncio config,YES,WP-ASYNC-FIX
tests.test_platform_p25eb_durable_approval_resolver_integration.TestHappyPathDurableResolution::test_execution_request_recorded_after_durable_dry_run,TEST_FIXTURE_ISOLATION,Cluster A: RuntimeError no current event loop in thread MainThread — pytest asyncio config,YES,WP-ASYNC-FIX
tests.test_platform_p25eb_durable_approval_resolver_integration.TestHappyPathDurableResolution::test_governed_backup_check_preflight_passes,TEST_FIXTURE_ISOLATION,Cluster A: RuntimeError no current event loop in thread MainThread — pytest asyncio config,YES,WP-ASYNC-FIX
tests.test_platform_p25eb_durable_approval_resolver_integration.TestNonExecutionInvariants::test_durable_resolved_dry_run_never_executes,TEST_FIXTURE_ISOLATION,Cluster A: RuntimeError no current event loop in thread MainThread — pytest asyncio config,YES,WP-ASYNC-FIX
tests.test_r4_middleware_tenant_context_contract.TestMiddlewareTenantIdContract::test_middleware_sets_tenant_id_as_uuid,TEST_FIXTURE_ISOLATION,Cluster A: RuntimeError no current event loop in thread MainThread — pytest asyncio config,YES,WP-ASYNC-FIX
tests.test_r4_middleware_tenant_context_contract.TestMiddlewareTenantIdContract::test_middleware_tenant_id_is_not_schema_name,TEST_FIXTURE_ISOLATION,Cluster A: RuntimeError no current event loop in thread MainThread — pytest asyncio config,YES,WP-ASYNC-FIX
tests.test_r4_middleware_tenant_context_contract.TestMiddlewareTenantIdContract::test_sku_import_can_parse_tenant_id_as_uuid,TEST_FIXTURE_ISOLATION,Cluster A: RuntimeError no current event loop in thread MainThread — pytest asyncio config,YES,WP-ASYNC-FIX
tests.test_rbac_enforcement.TestAdminBypass::test_admin_bypasses_all_resource_permissions,TEST_FIXTURE_ISOLATION,Cluster A: RuntimeError no current event loop in thread MainThread — pytest asyncio config,YES,WP-ASYNC-FIX
tests.test_rbac_enforcement.TestAdminBypass::test_admin_bypasses_any_permission_check,TEST_FIXTURE_ISOLATION,Cluster A: RuntimeError no current event loop in thread MainThread — pytest asyncio config,YES,WP-ASYNC-FIX
tests.test_rbac_enforcement.TestAdminBypass::test_admin_with_other_roles_still_bypasses,TEST_FIXTURE_ISOLATION,Cluster A: RuntimeError no current event loop in thread MainThread — pytest asyncio config,YES,WP-ASYNC-FIX
tests.test_rbac_enforcement.TestAdminBypass::test_non_admin_role_named_similar_does_not_bypass,TEST_FIXTURE_ISOLATION,Cluster A: RuntimeError no current event loop in thread MainThread — pytest asyncio config,YES,WP-ASYNC-FIX
tests.test_rbac_enforcement.TestRBACEdgeCases::test_case_sensitive_permission_check,TEST_FIXTURE_ISOLATION,Cluster A: RuntimeError no current event loop in thread MainThread — pytest asyncio config,YES,WP-ASYNC-FIX
tests.test_rbac_enforcement.TestRBACEdgeCases::test_empty_permission_string_fails,TEST_FIXTURE_ISOLATION,Cluster A: RuntimeError no current event loop in thread MainThread — pytest asyncio config,YES,WP-ASYNC-FIX
tests.test_rbac_enforcement.TestRBACEdgeCases::test_multiple_roles_with_overlapping_permissions,TEST_FIXTURE_ISOLATION,Cluster A: RuntimeError no current event loop in thread MainThread — pytest asyncio config,YES,WP-ASYNC-FIX
tests.test_rbac_enforcement.TestRBACEdgeCases::test_permission_with_special_characters,TEST_FIXTURE_ISOLATION,Cluster A: RuntimeError no current event loop in thread MainThread — pytest asyncio config,YES,WP-ASYNC-FIX
tests.test_rbac_enforcement.TestRBACEdgeCases::test_whitespace_in_permission_fails,TEST_FIXTURE_ISOLATION,Cluster A: RuntimeError no current event loop in thread MainThread — pytest asyncio config,YES,WP-ASYNC-FIX
tests.test_rbac_enforcement.TestRoleChangesAffectAccess::test_adding_admin_role_grants_all_access,TEST_FIXTURE_ISOLATION,Cluster A: RuntimeError no current event loop in thread MainThread — pytest asyncio config,YES,WP-ASYNC-FIX
tests.test_rbac_enforcement.TestRoleChangesAffectAccess::test_adding_permission_grants_access,TEST_FIXTURE_ISOLATION,Cluster A: RuntimeError no current event loop in thread MainThread — pytest asyncio config,YES,WP-ASYNC-FIX
tests.test_rbac_enforcement.TestRoleChangesAffectAccess::test_removing_admin_role_revokes_bypass,TEST_FIXTURE_ISOLATION,Cluster A: RuntimeError no current event loop in thread MainThread — pytest asyncio config,YES,WP-ASYNC-FIX
tests.test_rbac_enforcement.TestRoleChangesAffectAccess::test_removing_permission_revokes_access,TEST_FIXTURE_ISOLATION,Cluster A: RuntimeError no current event loop in thread MainThread — pytest asyncio config,YES,WP-ASYNC-FIX
tests.test_rbac_enforcement.TestTenantIsolationInRBAC::test_different_tenants_have_independent_rbac,TEST_FIXTURE_ISOLATION,Cluster A: RuntimeError no current event loop in thread MainThread — pytest asyncio config,YES,WP-ASYNC-FIX
tests.test_rbac_enforcement.TestTenantIsolationInRBAC::test_rbac_uses_tenant_schema_from_token,TEST_FIXTURE_ISOLATION,Cluster A: RuntimeError no current event loop in thread MainThread — pytest asyncio config,YES,WP-ASYNC-FIX
tests.test_rbac_enforcement.TestTenantIsolationInRBAC::test_token_tenant_info_preserved_through_rbac,TEST_FIXTURE_ISOLATION,Cluster A: RuntimeError no current event loop in thread MainThread — pytest asyncio config,YES,WP-ASYNC-FIX
tests.test_rbac_enforcement.TestUserWithoutPermission::test_user_not_found_gets_401,TEST_FIXTURE_ISOLATION,Cluster A: RuntimeError no current event loop in thread MainThread — pytest asyncio config,YES,WP-ASYNC-FIX
tests.test_rbac_enforcement.TestUserWithoutPermission::test_user_with_no_roles_gets_403,TEST_FIXTURE_ISOLATION,Cluster A: RuntimeError no current event loop in thread MainThread — pytest asyncio config,YES,WP-ASYNC-FIX
tests.test_rbac_enforcement.TestUserWithoutPermission::test_user_without_required_permission_gets_403,TEST_FIXTURE_ISOLATION,Cluster A: RuntimeError no current event loop in thread MainThread — pytest asyncio config,YES,WP-ASYNC-FIX
tests.test_rbac_enforcement.TestUserWithoutPermission::test_user_with_role_but_no_permissions_gets_403,TEST_FIXTURE_ISOLATION,Cluster A: RuntimeError no current event loop in thread MainThread — pytest asyncio config,YES,WP-ASYNC-FIX
tests.test_rbac_enforcement.TestUserWithPermission::test_permission_check_is_exact_match,TEST_FIXTURE_ISOLATION,Cluster A: RuntimeError no current event loop in thread MainThread — pytest asyncio config,YES,WP-ASYNC-FIX
tests.test_rbac_enforcement.TestUserWithPermission::test_user_with_exact_permission_passes,TEST_FIXTURE_ISOLATION,Cluster A: RuntimeError no current event loop in thread MainThread — pytest asyncio config,YES,WP-ASYNC-FIX
tests.test_rbac_enforcement.TestUserWithPermission::test_user_with_permission_from_multiple_roles,TEST_FIXTURE_ISOLATION,Cluster A: RuntimeError no current event loop in thread MainThread — pytest asyncio config,YES,WP-ASYNC-FIX
tests.test_receivables_service::test_classification_pagination_across_db_pages,TEST_FIXTURE_ISOLATION,Cluster A: RuntimeError no current event loop in thread MainThread — pytest asyncio config,YES,WP-ASYNC-FIX
tests.test_receivables_service::test_classification_pagination_page_beyond_first_db_page,TEST_FIXTURE_ISOLATION,Cluster A: RuntimeError no current event loop in thread MainThread — pytest asyncio config,YES,WP-ASYNC-FIX
tests.test_receivables_service::test_order_list_classifies_credit_receivable,TEST_FIXTURE_ISOLATION,Cluster A: RuntimeError no current event loop in thread MainThread — pytest asyncio config,YES,WP-ASYNC-FIX
tests.test_receivables_service::test_order_list_classifies_unpaid_order,TEST_FIXTURE_ISOLATION,Cluster A: RuntimeError no current event loop in thread MainThread — pytest asyncio config,YES,WP-ASYNC-FIX
tests.test_receivables_service::test_order_list_supports_retailer_filter,TEST_FIXTURE_ISOLATION,Cluster A: RuntimeError no current event loop in thread MainThread — pytest asyncio config,YES,WP-ASYNC-FIX
tests.test_receivables_service::test_pagination_empty_result,TEST_FIXTURE_ISOLATION,Cluster A: RuntimeError no current event loop in thread MainThread — pytest asyncio config,YES,WP-ASYNC-FIX
tests.test_receivables_service::test_pagination_metadata_correct,TEST_FIXTURE_ISOLATION,Cluster A: RuntimeError no current event loop in thread MainThread — pytest asyncio config,YES,WP-ASYNC-FIX
tests.test_receivables_service::test_receivable_orders_empty_result_safe,TEST_FIXTURE_ISOLATION,Cluster A: RuntimeError no current event loop in thread MainThread — pytest asyncio config,YES,WP-ASYNC-FIX
tests.test_receivables_service::test_receivables_summary_binding_only_tenant_safe,TEST_FIXTURE_ISOLATION,Cluster A: RuntimeError no current event loop in thread MainThread — pytest asyncio config,YES,WP-ASYNC-FIX
tests.test_receivables_service::test_receivables_summary_empty_orders_safe,TEST_FIXTURE_ISOLATION,Cluster A: RuntimeError no current event loop in thread MainThread — pytest asyncio config,YES,WP-ASYNC-FIX
tests.test_receivables_service::test_retailer_summary_aggregates_totals,TEST_FIXTURE_ISOLATION,Cluster A: RuntimeError no current event loop in thread MainThread — pytest asyncio config,YES,WP-ASYNC-FIX
tests.test_receivables_service::test_retailer_summary_empty_when_no_bindings,TEST_FIXTURE_ISOLATION,Cluster A: RuntimeError no current event loop in thread MainThread — pytest asyncio config,YES,WP-ASYNC-FIX
tests.test_receivables_service::test_retailer_summary_uses_public_binding_outstanding_balance,TEST_FIXTURE_ISOLATION,Cluster A: RuntimeError no current event loop in thread MainThread — pytest asyncio config,YES,WP-ASYNC-FIX
tests.test_receivables_service::test_service_does_not_commit_or_rollback,TEST_FIXTURE_ISOLATION,Cluster A: RuntimeError no current event loop in thread MainThread — pytest asyncio config,YES,WP-ASYNC-FIX
tests.test_receivables_service::test_service_does_not_mutate_db_state,TEST_FIXTURE_ISOLATION,Cluster A: RuntimeError no current event loop in thread MainThread — pytest asyncio config,YES,WP-ASYNC-FIX
tests.test_reliability.TestGracefulShutdown::test_graceful_shutdown_closes_connections,TEST_FIXTURE_ISOLATION,Cluster A: RuntimeError no current event loop in thread MainThread — pytest asyncio config,YES,WP-ASYNC-FIX
tests.test_reliability.TestMiddlewareUnderLoad::test_logging_middleware_under_load,TEST_FIXTURE_ISOLATION,Cluster A: RuntimeError no current event loop in thread MainThread — pytest asyncio config,YES,WP-ASYNC-FIX
tests.test_reliability.TestMiddlewareUnderLoad::test_metrics_middleware_under_load,TEST_FIXTURE_ISOLATION,Cluster A: RuntimeError no current event loop in thread MainThread — pytest asyncio config,YES,WP-ASYNC-FIX
tests.test_reliability.TestRateLimiter::test_rate_limiter_anonymous_exceeds_limit,TEST_FIXTURE_ISOLATION,Cluster A: RuntimeError no current event loop in thread MainThread — pytest asyncio config,YES,WP-ASYNC-FIX
tests.test_reliability.TestRateLimiter::test_rate_limiter_anonymous_within_limit,TEST_FIXTURE_ISOLATION,Cluster A: RuntimeError no current event loop in thread MainThread — pytest asyncio config,YES,WP-ASYNC-FIX
tests.test_reliability.TestRateLimiter::test_rate_limiter_authenticated_exceeds_limit,TEST_FIXTURE_ISOLATION,Cluster A: RuntimeError no current event loop in thread MainThread — pytest asyncio config,YES,WP-ASYNC-FIX
tests.test_reliability.TestRateLimiter::test_rate_limiter_authenticated_within_limit,TEST_FIXTURE_ISOLATION,Cluster A: RuntimeError no current event loop in thread MainThread — pytest asyncio config,YES,WP-ASYNC-FIX
tests.test_reliability.TestRateLimiter::test_rate_limiter_fails_open_on_redis_error,TEST_FIXTURE_ISOLATION,Cluster A: RuntimeError no current event loop in thread MainThread — pytest asyncio config,YES,WP-ASYNC-FIX
tests.test_reliability.TestRateLimiter::test_rate_limiter_uses_x_forwarded_for,TEST_FIXTURE_ISOLATION,Cluster A: RuntimeError no current event loop in thread MainThread — pytest asyncio config,YES,WP-ASYNC-FIX
tests.test_reliability.TestRateLimiter::test_rate_limit_response_format,TEST_FIXTURE_ISOLATION,Cluster A: RuntimeError no current event loop in thread MainThread — pytest asyncio config,YES,WP-ASYNC-FIX
tests.test_request_validation.TestRequestValidation::test_login_rejects_invalid_email,TEST_FIXTURE_ISOLATION,Cluster A: RuntimeError no current event loop in thread MainThread — pytest asyncio config,YES,WP-ASYNC-FIX
tests.test_request_validation.TestRequestValidation::test_login_rejects_missing_email,TEST_FIXTURE_ISOLATION,Cluster A: RuntimeError no current event loop in thread MainThread — pytest asyncio config,YES,WP-ASYNC-FIX
tests.test_request_validation.TestRequestValidation::test_login_rejects_short_password,TEST_FIXTURE_ISOLATION,Cluster A: RuntimeError no current event loop in thread MainThread — pytest asyncio config,YES,WP-ASYNC-FIX
tests.test_route_authorization_policy.TestPlatformAdminBoundary::test_contextual_super_admin_rejected,TEST_FIXTURE_ISOLATION,Cluster A: RuntimeError no current event loop in thread MainThread — pytest asyncio config,YES,WP-ASYNC-FIX
tests.test_route_authorization_policy.TestPlatformAdminBoundary::test_contextual_tenant_admin_rejected,TEST_FIXTURE_ISOLATION,Cluster A: RuntimeError no current event loop in thread MainThread — pytest asyncio config,YES,WP-ASYNC-FIX
tests.test_route_authorization_policy.TestPlatformAdminBoundary::test_identity_only_super_admin_allowed,TEST_FIXTURE_ISOLATION,Cluster A: RuntimeError no current event loop in thread MainThread — pytest asyncio config,YES,WP-ASYNC-FIX
tests.test_route_authorization_policy.TestPlatformAdminBoundary::test_partial_context_tenant_id_none_schema_set_rejected,TEST_FIXTURE_ISOLATION,Cluster A: RuntimeError no current event loop in thread MainThread — pytest asyncio config,YES,WP-ASYNC-FIX
tests.test_route_authorization_policy.TestPlatformAdminBoundary::test_partial_context_tenant_id_set_schema_none_rejected,TEST_FIXTURE_ISOLATION,Cluster A: RuntimeError no current event loop in thread MainThread — pytest asyncio config,YES,WP-ASYNC-FIX
tests.test_route_authorization_policy.TestPlatformAdminBoundary::test_platform_routes_use_platform_guard,TEST_FIXTURE_ISOLATION,Cluster A: RuntimeError no current event loop in thread MainThread — pytest asyncio config,YES,WP-ASYNC-FIX
tests.test_route_authorization_policy.TestPlatformAdminBoundary::test_regular_user_rejected,TEST_FIXTURE_ISOLATION,Cluster A: RuntimeError no current event loop in thread MainThread — pytest asyncio config,YES,WP-ASYNC-FIX
tests.test_route_authorization_policy.TestPlatformAdminBoundary::test_unauthenticated_rejected,TEST_FIXTURE_ISOLATION,Cluster A: RuntimeError no current event loop in thread MainThread — pytest asyncio config,YES,WP-ASYNC-FIX
tests.test_route_authorization_policy.TestSmokeAuthGate::test_require_permission_exports_create_rejects_no_auth,TEST_FIXTURE_ISOLATION,Cluster A: RuntimeError no current event loop in thread MainThread — pytest asyncio config,YES,WP-ASYNC-FIX
tests.test_route_authorization_policy.TestSmokeAuthGate::test_require_permission_system_admin_rejects_no_auth,TEST_FIXTURE_ISOLATION,Cluster A: RuntimeError no current event loop in thread MainThread — pytest asyncio config,YES,WP-ASYNC-FIX
tests.test_s3b_fresh_tenant_live_runtime_proof.TestBusinessEmptyStateProof::test_exports_non_200_is_business_not_auth,CONFIRMED_MIGRATION_GAP,"G2 CASCADE: relation ""users"" does not exist — reconcile aborts at G1 before reaching G2",NO,WP-MIG-G1-RETAILER
tests.test_s3b_fresh_tenant_live_runtime_proof.TestBusinessEmptyStateProof::test_pricing_non_200_is_business_not_auth,CONFIRMED_MIGRATION_GAP,"G2 CASCADE: relation ""users"" does not exist — reconcile aborts at G1 before reaching G2",NO,WP-MIG-G1-RETAILER
tests.test_s3b_fresh_tenant_live_runtime_proof.TestLiveAdminPermissionsComplete::test_admin_has_at_least_one_role,CONFIRMED_MIGRATION_GAP,"G2 CASCADE: relation ""users"" does not exist — reconcile aborts at G1 before reaching G2",NO,WP-MIG-G1-RETAILER
tests.test_s3b_fresh_tenant_live_runtime_proof.TestLiveAdminPermissionsComplete::test_admin_role_has_all_required_permissions,CONFIRMED_MIGRATION_GAP,"G2 CASCADE: relation ""users"" does not exist — reconcile aborts at G1 before reaching G2",NO,WP-MIG-G1-RETAILER
tests.test_s3b_fresh_tenant_live_runtime_proof.TestLiveAdminPermissionsComplete::test_admin_user_exists_and_is_active,CONFIRMED_MIGRATION_GAP,"G2 CASCADE: relation ""users"" does not exist — reconcile aborts at G1 before reaching G2",NO,WP-MIG-G1-RETAILER
tests.test_s3b_fresh_tenant_live_runtime_proof.TestLiveEndpointSmoke::test_dashboard_cash_flow,CONFIRMED_MIGRATION_GAP,"G2 CASCADE: relation ""users"" does not exist — reconcile aborts at G1 before reaching G2",NO,WP-MIG-G1-RETAILER
tests.test_s3b_fresh_tenant_live_runtime_proof.TestLiveEndpointSmoke::test_dashboard_kpi_summary,CONFIRMED_MIGRATION_GAP,"G2 CASCADE: relation ""users"" does not exist — reconcile aborts at G1 before reaching G2",NO,WP-MIG-G1-RETAILER
tests.test_s3b_fresh_tenant_live_runtime_proof.TestLiveEndpointSmoke::test_dashboard_sales_trend,CONFIRMED_MIGRATION_GAP,"G2 CASCADE: relation ""users"" does not exist — reconcile aborts at G1 before reaching G2",NO,WP-MIG-G1-RETAILER
tests.test_s3b_fresh_tenant_live_runtime_proof.TestLiveEndpointSmoke::test_exports_status,CONFIRMED_MIGRATION_GAP,"G2 CASCADE: relation ""users"" does not exist — reconcile aborts at G1 before reaching G2",NO,WP-MIG-G1-RETAILER
tests.test_s3b_fresh_tenant_live_runtime_proof.TestLiveEndpointSmoke::test_orders_list,CONFIRMED_MIGRATION_GAP,"G2 CASCADE: relation ""users"" does not exist — reconcile aborts at G1 before reaching G2",NO,WP-MIG-G1-RETAILER
tests.test_s3b_fresh_tenant_live_runtime_proof.TestLiveEndpointSmoke::test_payments_list,CONFIRMED_MIGRATION_GAP,"G2 CASCADE: relation ""users"" does not exist — reconcile aborts at G1 before reaching G2",NO,WP-MIG-G1-RETAILER
tests.test_s3b_fresh_tenant_live_runtime_proof.TestLiveEndpointSmoke::test_pricing_prices,CONFIRMED_MIGRATION_GAP,"G2 CASCADE: relation ""users"" does not exist — reconcile aborts at G1 before reaching G2",NO,WP-MIG-G1-RETAILER
tests.test_s3b_fresh_tenant_live_runtime_proof.TestLiveEndpointSmoke::test_retailer_bindings,CONFIRMED_MIGRATION_GAP,"G2 CASCADE: relation ""users"" does not exist — reconcile aborts at G1 before reaching G2",NO,WP-MIG-G1-RETAILER
tests.test_s3b_fresh_tenant_live_runtime_proof.TestLiveEndpointSmoke::test_retailers_list,CONFIRMED_MIGRATION_GAP,"G2 CASCADE: relation ""users"" does not exist — reconcile aborts at G1 before reaching G2",NO,WP-MIG-G1-RETAILER
tests.test_s3b_fresh_tenant_live_runtime_proof.TestLiveEndpointSmoke::test_skus_list,CONFIRMED_MIGRATION_GAP,"G2 CASCADE: relation ""users"" does not exist — reconcile aborts at G1 before reaching G2",NO,WP-MIG-G1-RETAILER
tests.test_s3b_fresh_tenant_live_runtime_proof.TestLiveEndpointSmoke::test_stock_list_endpoint,CONFIRMED_MIGRATION_GAP,"G2 CASCADE: relation ""users"" does not exist — reconcile aborts at G1 before reaching G2",NO,WP-MIG-G1-RETAILER
tests.test_s3b_fresh_tenant_live_runtime_proof.TestLiveTenantSchemaBootstrapped::test_all_required_tables_present,TEST_FIXTURE_ISOLATION,Cluster A: RuntimeError no current event loop in thread MainThread — pytest asyncio config,YES,WP-ASYNC-FIX
tests.test_s3b_fresh_tenant_live_runtime_proof.TestNearRealContextualJwtFlow::test_decoded_token_is_contextual_not_identity,CONFIRMED_MIGRATION_GAP,"G2 CASCADE: relation ""users"" does not exist — reconcile aborts at G1 before reaching G2",NO,WP-MIG-G1-RETAILER
tests.test_s3b_fresh_tenant_live_runtime_proof.TestNearRealContextualJwtFlow::test_encode_decode_roundtrip,CONFIRMED_MIGRATION_GAP,"G2 CASCADE: relation ""users"" does not exist — reconcile aborts at G1 before reaching G2",NO,WP-MIG-G1-RETAILER
tests.test_s3c_cache::test_cache_decorator_cache_hit,TEST_FIXTURE_ISOLATION,Cluster A: RuntimeError no current event loop in thread MainThread — pytest asyncio config,YES,WP-ASYNC-FIX
tests.test_s3c_cache::test_cache_decorator_cache_miss,TEST_FIXTURE_ISOLATION,Cluster A: RuntimeError no current event loop in thread MainThread — pytest asyncio config,YES,WP-ASYNC-FIX
tests.test_s3c_cache::test_cache_decorator_error_handling,TEST_FIXTURE_ISOLATION,Cluster A: RuntimeError no current event loop in thread MainThread — pytest asyncio config,YES,WP-ASYNC-FIX
tests.test_s3c_cache::test_cache_decorator_with_pydantic,TEST_FIXTURE_ISOLATION,Cluster A: RuntimeError no current event loop in thread MainThread — pytest asyncio config,YES,WP-ASYNC-FIX
tests.test_s3c_cache::test_cache_key_with_custom_builder,TEST_FIXTURE_ISOLATION,Cluster A: RuntimeError no current event loop in thread MainThread — pytest asyncio config,YES,WP-ASYNC-FIX
tests.test_s3c_cache::test_redis_client_lifecycle,TEST_FIXTURE_ISOLATION,Cluster A: RuntimeError no current event loop in thread MainThread — pytest asyncio config,YES,WP-ASYNC-FIX
tests.test_s3c_cache::test_serialize_deserialize_dict,TEST_FIXTURE_ISOLATION,Cluster A: RuntimeError no current event loop in thread MainThread — pytest asyncio config,YES,WP-ASYNC-FIX
tests.test_s3c_cache::test_serialize_deserialize_pydantic,TEST_FIXTURE_ISOLATION,Cluster A: RuntimeError no current event loop in thread MainThread — pytest asyncio config,YES,WP-ASYNC-FIX
tests.test_s3c_integration::test_auth_me_caching,TEST_FIXTURE_ISOLATION,Cluster A: RuntimeError no current event loop in thread MainThread — pytest asyncio config,YES,WP-ASYNC-FIX
tests.test_s3c_integration::test_cache_key_format_auth_me,TEST_FIXTURE_ISOLATION,Cluster A: RuntimeError no current event loop in thread MainThread — pytest asyncio config,YES,WP-ASYNC-FIX
tests.test_s3c_integration::test_cache_key_format_skus_list,TEST_FIXTURE_ISOLATION,Cluster A: RuntimeError no current event loop in thread MainThread — pytest asyncio config,YES,WP-ASYNC-FIX
tests.test_s3c_integration::test_cache_ttl_auth_me,TEST_FIXTURE_ISOLATION,Cluster A: RuntimeError no current event loop in thread MainThread — pytest asyncio config,YES,WP-ASYNC-FIX
tests.test_s3c_integration::test_cache_ttl_skus_list,TEST_FIXTURE_ISOLATION,Cluster A: RuntimeError no current event loop in thread MainThread — pytest asyncio config,YES,WP-ASYNC-FIX
tests.test_s3c_integration::test_skus_list_caching,TEST_FIXTURE_ISOLATION,Cluster A: RuntimeError no current event loop in thread MainThread — pytest asyncio config,YES,WP-ASYNC-FIX
tests.test_s3c_self_contained_fresh_tenant_live_proof.TestBusinessEmptyStateProof::test_exports_non_200_is_business_not_auth,CONFIGURATION_DRIFT,Bootstrap reconcile: reporting_role does not exist; migration 011_s6_p_reporting_role must run first,YES,WP-RECONCILE-ROLE
tests.test_s3c_self_contained_fresh_tenant_live_proof.TestBusinessEmptyStateProof::test_pricing_non_200_is_business_not_auth,CONFIGURATION_DRIFT,Bootstrap reconcile: reporting_role does not exist; migration 011_s6_p_reporting_role must run first,YES,WP-RECONCILE-ROLE
tests.test_s3c_self_contained_fresh_tenant_live_proof.TestFreshContextualJwtFlow::test_decoded_token_is_contextual_not_identity,CONFIGURATION_DRIFT,Bootstrap reconcile: reporting_role does not exist; migration 011_s6_p_reporting_role must run first,YES,WP-RECONCILE-ROLE
tests.test_s3c_self_contained_fresh_tenant_live_proof.TestFreshContextualJwtFlow::test_encode_decode_roundtrip,CONFIGURATION_DRIFT,Bootstrap reconcile: reporting_role does not exist; migration 011_s6_p_reporting_role must run first,YES,WP-RECONCILE-ROLE
tests.test_s3c_self_contained_fresh_tenant_live_proof.TestFreshEndpointSmoke::test_dashboard_cash_flow,CONFIGURATION_DRIFT,Bootstrap reconcile: reporting_role does not exist; migration 011_s6_p_reporting_role must run first,YES,WP-RECONCILE-ROLE
tests.test_s3c_self_contained_fresh_tenant_live_proof.TestFreshEndpointSmoke::test_dashboard_kpi_summary,CONFIGURATION_DRIFT,Bootstrap reconcile: reporting_role does not exist; migration 011_s6_p_reporting_role must run first,YES,WP-RECONCILE-ROLE
tests.test_s3c_self_contained_fresh_tenant_live_proof.TestFreshEndpointSmoke::test_dashboard_sales_trend,CONFIGURATION_DRIFT,Bootstrap reconcile: reporting_role does not exist; migration 011_s6_p_reporting_role must run first,YES,WP-RECONCILE-ROLE
tests.test_s3c_self_contained_fresh_tenant_live_proof.TestFreshEndpointSmoke::test_exports_status,CONFIGURATION_DRIFT,Bootstrap reconcile: reporting_role does not exist; migration 011_s6_p_reporting_role must run first,YES,WP-RECONCILE-ROLE
tests.test_s3c_self_contained_fresh_tenant_live_proof.TestFreshEndpointSmoke::test_inventory_stocks,CONFIGURATION_DRIFT,Bootstrap reconcile: reporting_role does not exist; migration 011_s6_p_reporting_role must run first,YES,WP-RECONCILE-ROLE
tests.test_s3c_self_contained_fresh_tenant_live_proof.TestFreshEndpointSmoke::test_orders_list,CONFIGURATION_DRIFT,Bootstrap reconcile: reporting_role does not exist; migration 011_s6_p_reporting_role must run first,YES,WP-RECONCILE-ROLE
tests.test_s3c_self_contained_fresh_tenant_live_proof.TestFreshEndpointSmoke::test_payments_list,CONFIGURATION_DRIFT,Bootstrap reconcile: reporting_role does not exist; migration 011_s6_p_reporting_role must run first,YES,WP-RECONCILE-ROLE
tests.test_s3c_self_contained_fresh_tenant_live_proof.TestFreshEndpointSmoke::test_pricing_prices,CONFIGURATION_DRIFT,Bootstrap reconcile: reporting_role does not exist; migration 011_s6_p_reporting_role must run first,YES,WP-RECONCILE-ROLE
tests.test_s3c_self_contained_fresh_tenant_live_proof.TestFreshEndpointSmoke::test_retailer_bindings,CONFIGURATION_DRIFT,Bootstrap reconcile: reporting_role does not exist; migration 011_s6_p_reporting_role must run first,YES,WP-RECONCILE-ROLE
tests.test_s3c_self_contained_fresh_tenant_live_proof.TestFreshEndpointSmoke::test_retailers_list,CONFIGURATION_DRIFT,Bootstrap reconcile: reporting_role does not exist; migration 011_s6_p_reporting_role must run first,YES,WP-RECONCILE-ROLE
tests.test_s3c_self_contained_fresh_tenant_live_proof.TestFreshEndpointSmoke::test_skus_list,CONFIGURATION_DRIFT,Bootstrap reconcile: reporting_role does not exist; migration 011_s6_p_reporting_role must run first,YES,WP-RECONCILE-ROLE
tests.test_s4_jobs_local::test_concurrent_job_execution,TEST_FIXTURE_ISOLATION,Cluster A: RuntimeError no current event loop in thread MainThread — pytest asyncio config,YES,WP-ASYNC-FIX
tests.test_s4_jobs_local::test_enqueue_job,TEST_FIXTURE_ISOLATION,Cluster A: RuntimeError no current event loop in thread MainThread — pytest asyncio config,YES,WP-ASYNC-FIX
tests.test_s4_jobs_local::test_graceful_shutdown,TEST_FIXTURE_ISOLATION,Cluster A: RuntimeError no current event loop in thread MainThread — pytest asyncio config,YES,WP-ASYNC-FIX
tests.test_s4_jobs_local::test_job_execution,TEST_FIXTURE_ISOLATION,Cluster A: RuntimeError no current event loop in thread MainThread — pytest asyncio config,YES,WP-ASYNC-FIX
tests.test_s4_jobs_local::test_job_execution_with_delay,TEST_FIXTURE_ISOLATION,Cluster A: RuntimeError no current event loop in thread MainThread — pytest asyncio config,YES,WP-ASYNC-FIX
tests.test_s4_jobs_local::test_job_failure_handling,TEST_FIXTURE_ISOLATION,Cluster A: RuntimeError no current event loop in thread MainThread — pytest asyncio config,YES,WP-ASYNC-FIX
tests.test_s4_jobs_local::test_job_handler_registration,TEST_FIXTURE_ISOLATION,Cluster A: RuntimeError no current event loop in thread MainThread — pytest asyncio config,YES,WP-ASYNC-FIX
tests.test_s4_jobs_local::test_job_metrics,TEST_FIXTURE_ISOLATION,Cluster A: RuntimeError no current event loop in thread MainThread — pytest asyncio config,YES,WP-ASYNC-FIX
tests.test_s4_jobs_local::test_queue_status,TEST_FIXTURE_ISOLATION,Cluster A: RuntimeError no current event loop in thread MainThread — pytest asyncio config,YES,WP-ASYNC-FIX
tests.test_s4_jobs_local::test_unregistered_job_error,TEST_FIXTURE_ISOLATION,Cluster A: RuntimeError no current event loop in thread MainThread — pytest asyncio config,YES,WP-ASYNC-FIX
tests.test_s4_jobs_local::test_worker_limit,TEST_FIXTURE_ISOLATION,Cluster A: RuntimeError no current event loop in thread MainThread — pytest asyncio config,YES,WP-ASYNC-FIX
tests.test_s4_jobs_persistence::test_job_max_retries_reached,TEST_FIXTURE_ISOLATION,Cluster A: RuntimeError no current event loop in thread MainThread — pytest asyncio config,YES,WP-ASYNC-FIX
tests.test_s4_jobs_persistence::test_job_persistence_happy_path,TEST_FIXTURE_ISOLATION,Cluster A: RuntimeError no current event loop in thread MainThread — pytest asyncio config,YES,WP-ASYNC-FIX
tests.test_s4_jobs_persistence::test_job_record_persistence,TEST_FIXTURE_ISOLATION,Cluster A: RuntimeError no current event loop in thread MainThread — pytest asyncio config,YES,WP-ASYNC-FIX
tests.test_s4_jobs_persistence::test_job_retry_on_failure,TEST_FIXTURE_ISOLATION,Cluster A: RuntimeError no current event loop in thread MainThread — pytest asyncio config,YES,WP-ASYNC-FIX
tests.test_s4_jobs_persistence::test_multiple_jobs_persistence,TEST_FIXTURE_ISOLATION,Cluster A: RuntimeError no current event loop in thread MainThread — pytest asyncio config,YES,WP-ASYNC-FIX
tests.test_s5_5_ledger_hardening::test_application_rejects_unbalanced_transaction,TEST_FIXTURE_ISOLATION,Cluster A: RuntimeError no current event loop in thread MainThread — pytest asyncio config,YES,WP-ASYNC-FIX
tests.test_s5_5_ledger_hardening::test_balanced_transaction_still_works,TEST_FIXTURE_ISOLATION,Cluster A: RuntimeError no current event loop in thread MainThread — pytest asyncio config,YES,WP-ASYNC-FIX
tests.test_s5_5_ledger_hardening::test_database_blocks_delete_operations,TEST_FIXTURE_ISOLATION,Cluster A: RuntimeError no current event loop in thread MainThread — pytest asyncio config,YES,WP-ASYNC-FIX
tests.test_s5_5_ledger_hardening::test_database_blocks_update_operations,TEST_FIXTURE_ISOLATION,Cluster A: RuntimeError no current event loop in thread MainThread — pytest asyncio config,YES,WP-ASYNC-FIX
tests.test_s5_5_ledger_hardening::test_entry_version_column_exists_and_defaults,TEST_FIXTURE_ISOLATION,Cluster A: RuntimeError no current event loop in thread MainThread — pytest asyncio config,YES,WP-ASYNC-FIX
tests.test_s5_5_ledger_hardening::test_hash_column_exists_and_nullable,TEST_FIXTURE_ISOLATION,Cluster A: RuntimeError no current event loop in thread MainThread — pytest asyncio config,YES,WP-ASYNC-FIX
tests.test_s5_5_ledger_hardening::test_high_precision_amounts_balanced_correctly,TEST_FIXTURE_ISOLATION,Cluster A: RuntimeError no current event loop in thread MainThread — pytest asyncio config,YES,WP-ASYNC-FIX
tests.test_s5_5_ledger_hardening::test_trigger_attached_to_table,TEST_FIXTURE_ISOLATION,Cluster A: RuntimeError no current event loop in thread MainThread — pytest asyncio config,YES,WP-ASYNC-FIX
tests.test_s5_5_ledger_hardening::test_trigger_function_exists,TEST_FIXTURE_ISOLATION,Cluster A: RuntimeError no current event loop in thread MainThread — pytest asyncio config,YES,WP-ASYNC-FIX
tests.test_s5_5_ledger_hardening::test_various_unbalanced_scenarios,TEST_FIXTURE_ISOLATION,Cluster A: RuntimeError no current event loop in thread MainThread — pytest asyncio config,YES,WP-ASYNC-FIX
tests.test_s5_5_ledger_hardening::test_zero_amount_entries_allowed_if_balanced,TEST_FIXTURE_ISOLATION,Cluster A: RuntimeError no current event loop in thread MainThread — pytest asyncio config,YES,WP-ASYNC-FIX
tests.test_s5a_fresh_tenant_real_user_journey_gate::test_existing_tenant_bootstrap_reconciles_missing_returned_order_status,TEST_FIXTURE_ISOLATION,Cluster A: RuntimeError no current event loop in thread MainThread — pytest asyncio config,YES,WP-ASYNC-FIX
tests.test_s5a_fresh_tenant_real_user_journey_gate::test_fresh_tenant_bootstrap_supports_returned_order_status_for_real_return_journey,TEST_FIXTURE_ISOLATION,Cluster A: RuntimeError no current event loop in thread MainThread — pytest asyncio config,YES,WP-ASYNC-FIX
tests.test_s5a_fresh_tenant_real_user_journey_gate::test_s5a_fresh_tenant_real_user_journey_gate,TEST_FIXTURE_ISOLATION,Cluster A: RuntimeError no current event loop in thread MainThread — pytest asyncio config,YES,WP-ASYNC-FIX
tests.test_s5d4b_settled_cash_payment::test_api_credit_paid_settle_targets_cash_transfer_only,TEST_FIXTURE_ISOLATION,Cluster A: RuntimeError no current event loop in thread MainThread — pytest asyncio config,YES,WP-ASYNC-FIX
tests.test_s5d4b_settled_cash_payment::test_api_failed_transition_no_settle,TEST_FIXTURE_ISOLATION,Cluster A: RuntimeError no current event loop in thread MainThread — pytest asyncio config,YES,WP-ASYNC-FIX
tests.test_s5d4b_settled_cash_payment::test_api_full_cash_settles_payment_to_completed,TEST_FIXTURE_ISOLATION,Cluster A: RuntimeError no current event loop in thread MainThread — pytest asyncio config,YES,WP-ASYNC-FIX
tests.test_s5d4b_settled_cash_payment::test_api_legacy_pay_no_settle,TEST_FIXTURE_ISOLATION,Cluster A: RuntimeError no current event loop in thread MainThread — pytest asyncio config,YES,WP-ASYNC-FIX
tests.test_s5d4b_settled_cash_payment::test_api_partial_cash_does_not_settle,TEST_FIXTURE_ISOLATION,Cluster A: RuntimeError no current event loop in thread MainThread — pytest asyncio config,YES,WP-ASYNC-FIX
tests.test_s5d4b_settled_cash_payment::test_api_proposed_paid_but_returned_non_paid_does_not_settle,TEST_FIXTURE_ISOLATION,Cluster A: RuntimeError no current event loop in thread MainThread — pytest asyncio config,YES,WP-ASYNC-FIX
tests.test_s5d4b_settled_cash_payment::test_api_second_partial_completes_and_settles,TEST_FIXTURE_ISOLATION,Cluster A: RuntimeError no current event loop in thread MainThread — pytest asyncio config,YES,WP-ASYNC-FIX
tests.test_s5d4b_settled_cash_payment::test_api_transfer_full_payment_settle_called,TEST_FIXTURE_ISOLATION,Cluster A: RuntimeError no current event loop in thread MainThread — pytest asyncio config,YES,WP-ASYNC-FIX
tests.test_s5d4b_settled_cash_payment::test_route_settlement_failure_rolls_back_payment_order_balance_and_ledger,TEST_FIXTURE_ISOLATION,Cluster A: RuntimeError no current event loop in thread MainThread — pytest asyncio config,YES,WP-ASYNC-FIX
tests.test_s5d4b_settled_cash_payment::test_settle_update_executes_scoped_sql,TEST_FIXTURE_ISOLATION,Cluster A: RuntimeError no current event loop in thread MainThread — pytest asyncio config,YES,WP-ASYNC-FIX
tests.test_s5d4b_settled_cash_payment::test_settle_update_leaves_credit_rows_pending,TEST_FIXTURE_ISOLATION,Cluster A: RuntimeError no current event loop in thread MainThread — pytest asyncio config,YES,WP-ASYNC-FIX
tests.test_s5d4b_settled_cash_payment::test_settle_update_zero_rows_when_none_pending,TEST_FIXTURE_ISOLATION,Cluster A: RuntimeError no current event loop in thread MainThread — pytest asyncio config,YES,WP-ASYNC-FIX
tests.test_s5d5_payment_ledger_runtime_invariant::test_credit_payment_is_pending_and_excluded_from_completed_ledger_invariant,TEST_FIXTURE_ISOLATION,Cluster A: RuntimeError no current event loop in thread MainThread — pytest asyncio config,YES,WP-ASYNC-FIX
tests.test_s5d5_payment_ledger_runtime_invariant::test_full_cash_payment_completes_and_has_balanced_ledger,TEST_FIXTURE_ISOLATION,Cluster A: RuntimeError no current event loop in thread MainThread — pytest asyncio config,YES,WP-ASYNC-FIX
tests.test_s5d5_payment_ledger_runtime_invariant::test_full_transfer_payment_completes_and_has_balanced_ledger,TEST_FIXTURE_ISOLATION,Cluster A: RuntimeError no current event loop in thread MainThread — pytest asyncio config,YES,WP-ASYNC-FIX
tests.test_s5d5_payment_ledger_runtime_invariant::test_partial_cash_payment_only_gets_completed_ledger_coverage_on_final_payment,TEST_FIXTURE_ISOLATION,Cluster A: RuntimeError no current event loop in thread MainThread — pytest asyncio config,YES,WP-ASYNC-FIX
tests.test_s5d5_payment_ledger_runtime_invariant::test_partial_transfer_payment_does_not_complete_without_ledger_coverage,TEST_FIXTURE_ISOLATION,Cluster A: RuntimeError no current event loop in thread MainThread — pytest asyncio config,YES,WP-ASYNC-FIX
tests.test_s5d6_multi_partial_payment_state_machine::test_cash_allows_multiple_partials_then_final_balanced_settlement,TEST_FIXTURE_ISOLATION,Cluster A: RuntimeError no current event loop in thread MainThread — pytest asyncio config,YES,WP-ASYNC-FIX
tests.test_s5d6_multi_partial_payment_state_machine::test_transfer_allows_multiple_partials_then_final_balanced_settlement,TEST_FIXTURE_ISOLATION,Cluster A: RuntimeError no current event loop in thread MainThread — pytest asyncio config,YES,WP-ASYNC-FIX
tests.test_s5_ledger::test_balance_projection_as_of_date,TEST_FIXTURE_ISOLATION,Cluster A: RuntimeError no current event loop in thread MainThread — pytest asyncio config,YES,WP-ASYNC-FIX
tests.test_s5_ledger::test_calculate_account_balance,TEST_FIXTURE_ISOLATION,Cluster A: RuntimeError no current event loop in thread MainThread — pytest asyncio config,YES,WP-ASYNC-FIX
tests.test_s5_ledger::test_credit_paid_skips_cash_settlement_ledger,TEST_FIXTURE_ISOLATION,Cluster A: RuntimeError no current event loop in thread MainThread — pytest asyncio config,YES,WP-ASYNC-FIX
tests.test_s5_ledger::test_default_paid_posts_cash_settlement_ledger,TEST_FIXTURE_ISOLATION,Cluster A: RuntimeError no current event loop in thread MainThread — pytest asyncio config,YES,WP-ASYNC-FIX
tests.test_s5_ledger::test_explicit_cash_paid_posts_cash_settlement,TEST_FIXTURE_ISOLATION,Cluster A: RuntimeError no current event loop in thread MainThread — pytest asyncio config,YES,WP-ASYNC-FIX
tests.test_s5_ledger::test_full_order_lifecycle_accounting,TEST_FIXTURE_ISOLATION,Cluster A: RuntimeError no current event loop in thread MainThread — pytest asyncio config,YES,WP-ASYNC-FIX
tests.test_s5_ledger::test_get_entries_for_reference,TEST_FIXTURE_ISOLATION,Cluster A: RuntimeError no current event loop in thread MainThread — pytest asyncio config,YES,WP-ASYNC-FIX
tests.test_s5_ledger::test_ledger_immutability,TEST_FIXTURE_ISOLATION,Cluster A: RuntimeError no current event loop in thread MainThread — pytest asyncio config,YES,WP-ASYNC-FIX
tests.test_s5_ledger::test_multiple_orders_accounting,TEST_FIXTURE_ISOLATION,Cluster A: RuntimeError no current event loop in thread MainThread — pytest asyncio config,YES,WP-ASYNC-FIX
tests.test_s5_ledger::test_order_confirmation_creates_ledger_entries,TEST_FIXTURE_ISOLATION,Cluster A: RuntimeError no current event loop in thread MainThread — pytest asyncio config,YES,WP-ASYNC-FIX
tests.test_s5_ledger::test_payment_received_updates_ledger,TEST_FIXTURE_ISOLATION,Cluster A: RuntimeError no current event loop in thread MainThread — pytest asyncio config,YES,WP-ASYNC-FIX
tests.test_s5_ledger::test_post_balanced_transaction,TEST_FIXTURE_ISOLATION,Cluster A: RuntimeError no current event loop in thread MainThread — pytest asyncio config,YES,WP-ASYNC-FIX
tests.test_s5_ledger::test_post_single_entry,TEST_FIXTURE_ISOLATION,Cluster A: RuntimeError no current event loop in thread MainThread — pytest asyncio config,YES,WP-ASYNC-FIX
tests.test_s5_ledger::test_reject_unbalanced_transaction,TEST_FIXTURE_ISOLATION,Cluster A: RuntimeError no current event loop in thread MainThread — pytest asyncio config,YES,WP-ASYNC-FIX
tests.test_s5_ledger::test_zero_balance_for_unused_account,TEST_FIXTURE_ISOLATION,Cluster A: RuntimeError no current event loop in thread MainThread — pytest asyncio config,YES,WP-ASYNC-FIX
tests.test_s5_order_state_machine::test_cannot_fulfill_unpaid_order,TEST_FIXTURE_ISOLATION,Cluster A: RuntimeError no current event loop in thread MainThread — pytest asyncio config,YES,WP-ASYNC-FIX
tests.test_s5_order_state_machine::test_concurrent_transition_with_locking,TEST_FIXTURE_ISOLATION,Cluster A: RuntimeError no current event loop in thread MainThread — pytest asyncio config,YES,WP-ASYNC-FIX
tests.test_s5_order_state_machine::test_happy_path_draft_to_fulfilled,TEST_FIXTURE_ISOLATION,Cluster A: RuntimeError no current event loop in thread MainThread — pytest asyncio config,YES,WP-ASYNC-FIX
tests.test_s5_order_state_machine::test_illegal_transition_draft_to_fulfilled,TEST_FIXTURE_ISOLATION,Cluster A: RuntimeError no current event loop in thread MainThread — pytest asyncio config,YES,WP-ASYNC-FIX
tests.test_s5_order_state_machine::test_invariant_violation_confirm_zero_total,TEST_FIXTURE_ISOLATION,Cluster A: RuntimeError no current event loop in thread MainThread — pytest asyncio config,YES,WP-ASYNC-FIX
tests.test_s5_order_state_machine::test_order_not_found,TEST_FIXTURE_ISOLATION,Cluster A: RuntimeError no current event loop in thread MainThread — pytest asyncio config,YES,WP-ASYNC-FIX
tests.test_s5_order_state_machine::test_partially_paid_self_transition_allowed_only_for_payment_context,TEST_FIXTURE_ISOLATION,Cluster A: RuntimeError no current event loop in thread MainThread — pytest asyncio config,YES,WP-ASYNC-FIX
tests.test_s5_order_state_machine::test_partial_payment_flow,TEST_FIXTURE_ISOLATION,Cluster A: RuntimeError no current event loop in thread MainThread — pytest asyncio config,YES,WP-ASYNC-FIX
tests.test_s5_order_state_machine::test_terminal_state_no_transitions,TEST_FIXTURE_ISOLATION,Cluster A: RuntimeError no current event loop in thread MainThread — pytest asyncio config,YES,WP-ASYNC-FIX
tests.test_s5_order_state_machine::test_transition_with_updated_by,TEST_FIXTURE_ISOLATION,Cluster A: RuntimeError no current event loop in thread MainThread — pytest asyncio config,YES,WP-ASYNC-FIX
tests.test_s5_order_state_machine::test_void_vs_cancel_rules,TEST_FIXTURE_ISOLATION,Cluster A: RuntimeError no current event loop in thread MainThread — pytest asyncio config,YES,WP-ASYNC-FIX
tests.test_s6_2_materialized_views::test_advisory_lock_prevents_double_refresh,TEST_FIXTURE_ISOLATION,Cluster A: RuntimeError no current event loop in thread MainThread — pytest asyncio config,YES,WP-ASYNC-FIX
tests.test_s6_2_materialized_views::test_mv_sales_daily_accessible_by_reporting_user,TEST_FIXTURE_ISOLATION,Cluster A: RuntimeError no current event loop in thread MainThread — pytest asyncio config,YES,WP-ASYNC-FIX
tests.test_s6_2_materialized_views::test_mv_sales_daily_has_unique_index,TEST_FIXTURE_ISOLATION,Cluster A: RuntimeError no current event loop in thread MainThread — pytest asyncio config,YES,WP-ASYNC-FIX
tests.test_s6_2_materialized_views::test_mv_sales_daily_staleness_then_refresh,TEST_FIXTURE_ISOLATION,Cluster A: RuntimeError no current event loop in thread MainThread — pytest asyncio config,YES,WP-ASYNC-FIX
tests.test_s6_2_materialized_views::test_receivables_summary_is_realtime,TEST_FIXTURE_ISOLATION,Cluster A: RuntimeError no current event loop in thread MainThread — pytest asyncio config,YES,WP-ASYNC-FIX
tests.test_s6_3_dashboard_api::test_query_builder_cross_view_metric_raises,TEST_FIXTURE_ISOLATION,Cluster A: RuntimeError no current event loop in thread MainThread — pytest asyncio config,YES,WP-ASYNC-FIX
tests.test_s6_3_dashboard_api::test_query_builder_empty_mv_returns_zeros,TEST_FIXTURE_ISOLATION,Cluster A: RuntimeError no current event loop in thread MainThread — pytest asyncio config,YES,WP-ASYNC-FIX
tests.test_s6_3_dashboard_api::test_query_builder_fetch_all_receivables,TEST_FIXTURE_ISOLATION,Cluster A: RuntimeError no current event loop in thread MainThread — pytest asyncio config,YES,WP-ASYNC-FIX
tests.test_s6_3_dashboard_api::test_query_builder_fetch_kpi_summary,TEST_FIXTURE_ISOLATION,Cluster A: RuntimeError no current event loop in thread MainThread — pytest asyncio config,YES,WP-ASYNC-FIX
tests.test_s6_3_dashboard_api::test_query_builder_fetch_time_series,TEST_FIXTURE_ISOLATION,Cluster A: RuntimeError no current event loop in thread MainThread — pytest asyncio config,YES,WP-ASYNC-FIX
tests.test_s6_3_dashboard_api::test_query_builder_reporting_user_access,TEST_FIXTURE_ISOLATION,Cluster A: RuntimeError no current event loop in thread MainThread — pytest asyncio config,YES,WP-ASYNC-FIX
tests.test_s6_4_async_exports.TestCsvStreaming::test_csv_writer_handles_empty_result,TEST_FIXTURE_ISOLATION,Cluster A: RuntimeError no current event loop in thread MainThread — pytest asyncio config,YES,WP-ASYNC-FIX
tests.test_s6_4_async_exports.TestCsvStreaming::test_csv_writer_produces_valid_file,TEST_FIXTURE_ISOLATION,Cluster A: RuntimeError no current event loop in thread MainThread — pytest asyncio config,YES,WP-ASYNC-FIX
tests.test_s6_4_async_exports.TestCsvStreaming::test_csv_writer_streams_in_batches,TEST_FIXTURE_ISOLATION,Cluster A: RuntimeError no current event loop in thread MainThread — pytest asyncio config,YES,WP-ASYNC-FIX
tests.test_s6_4_async_exports.TestExportWorker::test_worker_rejects_empty_tenant_id,TEST_FIXTURE_ISOLATION,Cluster A: RuntimeError no current event loop in thread MainThread — pytest asyncio config,YES,WP-ASYNC-FIX
tests.test_s6_4_async_exports.TestExportWorker::test_worker_rejects_invalid_metric,TEST_FIXTURE_ISOLATION,Cluster A: RuntimeError no current event loop in thread MainThread — pytest asyncio config,YES,WP-ASYNC-FIX
tests.test_s6_4_async_exports.TestExportWorker::test_worker_rejects_invalid_view,TEST_FIXTURE_ISOLATION,Cluster A: RuntimeError no current event loop in thread MainThread — pytest asyncio config,YES,WP-ASYNC-FIX
tests.test_s6b_payment_write_path_unification::test_legacy_payments_post_is_disabled_before_any_db_side_effect,TEST_FIXTURE_ISOLATION,Cluster A: RuntimeError no current event loop in thread MainThread — pytest asyncio config,YES,WP-ASYNC-FIX
tests.test_s6_p_reporting_constraints::test_reporting_query_timeout,TEST_FIXTURE_ISOLATION,Cluster A: RuntimeError no current event loop in thread MainThread — pytest asyncio config,YES,WP-ASYNC-FIX
tests.test_s6_p_reporting_constraints::test_reporting_role_has_timeout,TEST_FIXTURE_ISOLATION,Cluster A: RuntimeError no current event loop in thread MainThread — pytest asyncio config,YES,WP-ASYNC-FIX
tests.test_s6_p_reporting_constraints::test_reporting_user_cannot_delete,TEST_FIXTURE_ISOLATION,Cluster A: RuntimeError no current event loop in thread MainThread — pytest asyncio config,YES,WP-ASYNC-FIX
tests.test_s6_p_reporting_constraints::test_reporting_user_cannot_insert,TEST_FIXTURE_ISOLATION,Cluster A: RuntimeError no current event loop in thread MainThread — pytest asyncio config,YES,WP-ASYNC-FIX
tests.test_s6_p_reporting_constraints::test_reporting_user_cannot_update,TEST_FIXTURE_ISOLATION,Cluster A: RuntimeError no current event loop in thread MainThread — pytest asyncio config,YES,WP-ASYNC-FIX
tests.test_s6_p_reporting_constraints::test_reporting_user_can_read_public_tables,TEST_FIXTURE_ISOLATION,Cluster A: RuntimeError no current event loop in thread MainThread — pytest asyncio config,YES,WP-ASYNC-FIX
tests.test_s6_p_reporting_constraints::test_reporting_user_can_select,TEST_FIXTURE_ISOLATION,Cluster A: RuntimeError no current event loop in thread MainThread — pytest asyncio config,YES,WP-ASYNC-FIX
tests.test_s7_2_enforcement.TestAuditWriterService::test_write_audit_log_creates_entry,TEST_FIXTURE_ISOLATION,Cluster A: RuntimeError no current event loop in thread MainThread — pytest asyncio config,YES,WP-ASYNC-FIX
tests.test_s7_2_enforcement.TestAuditWriterService::test_write_audit_log_swallows_db_error,TEST_FIXTURE_ISOLATION,Cluster A: RuntimeError no current event loop in thread MainThread — pytest asyncio config,YES,WP-ASYNC-FIX
tests.test_s7_2_enforcement.TestAuditWriterService::test_write_audit_log_with_metadata,TEST_FIXTURE_ISOLATION,Cluster A: RuntimeError no current event loop in thread MainThread — pytest asyncio config,YES,WP-ASYNC-FIX
tests.test_s7_2_enforcement.TestFullRequestFlow::test_admin_views_dashboard_full_flow,TEST_FIXTURE_ISOLATION,Cluster A: RuntimeError no current event loop in thread MainThread — pytest asyncio config,YES,WP-ASYNC-FIX
tests.test_s7_2_enforcement.TestFullRequestFlow::test_multi_role_user_full_flow,TEST_FIXTURE_ISOLATION,Cluster A: RuntimeError no current event loop in thread MainThread — pytest asyncio config,YES,WP-ASYNC-FIX
tests.test_s7_2_enforcement.TestFullRequestFlow::test_viewer_export_denied_full_flow,TEST_FIXTURE_ISOLATION,Cluster A: RuntimeError no current event loop in thread MainThread — pytest asyncio config,YES,WP-ASYNC-FIX
tests.test_s7_2_enforcement.TestRequireBIPermission::test_admin_allowed,TEST_FIXTURE_ISOLATION,Cluster A: RuntimeError no current event loop in thread MainThread — pytest asyncio config,YES,WP-ASYNC-FIX
tests.test_s7_2_enforcement.TestRequireBIPermission::test_cross_tenant_denied,TEST_FIXTURE_ISOLATION,Cluster A: RuntimeError no current event loop in thread MainThread — pytest asyncio config,YES,WP-ASYNC-FIX
tests.test_s7_2_enforcement.TestRequireBIPermission::test_finance_can_export,TEST_FIXTURE_ISOLATION,Cluster A: RuntimeError no current event loop in thread MainThread — pytest asyncio config,YES,WP-ASYNC-FIX
tests.test_s7_2_enforcement.TestRequireBIPermission::test_no_auth_raises_401,TEST_FIXTURE_ISOLATION,Cluster A: RuntimeError no current event loop in thread MainThread — pytest asyncio config,YES,WP-ASYNC-FIX
tests.test_s7_2_enforcement.TestRequireBIPermission::test_returns_policy_result,TEST_FIXTURE_ISOLATION,Cluster A: RuntimeError no current event loop in thread MainThread — pytest asyncio config,YES,WP-ASYNC-FIX
tests.test_s7_2_enforcement.TestRequireBIPermission::test_viewer_cannot_export,TEST_FIXTURE_ISOLATION,Cluster A: RuntimeError no current event loop in thread MainThread — pytest asyncio config,YES,WP-ASYNC-FIX
tests.test_s7_2_enforcement.TestRequireBIPermission::test_viewer_can_view,TEST_FIXTURE_ISOLATION,Cluster A: RuntimeError no current event loop in thread MainThread — pytest asyncio config,YES,WP-ASYNC-FIX
tests.test_s7_4_t3_resolver_api.TestDbAssetResolver::test_resolve_invalid_uuid_returns_none,TEST_FIXTURE_ISOLATION,Cluster A: RuntimeError no current event loop in thread MainThread — pytest asyncio config,YES,WP-ASYNC-FIX
tests.test_s7_4_t3_resolver_api.TestDbAssetResolver::test_resolve_non_report_urn_returns_none,TEST_FIXTURE_ISOLATION,Cluster A: RuntimeError no current event loop in thread MainThread — pytest asyncio config,YES,WP-ASYNC-FIX
tests.test_s7_4_t3_resolver_api.TestDbAssetResolver::test_resolve_no_tenant_returns_none,TEST_FIXTURE_ISOLATION,Cluster A: RuntimeError no current event loop in thread MainThread — pytest asyncio config,YES,WP-ASYNC-FIX
tests.test_s7_4_tenant_assets.TestDynamicRegistry::test_async_cache_hit_skips_resolver,TEST_FIXTURE_ISOLATION,Cluster A: RuntimeError no current event loop in thread MainThread — pytest asyncio config,YES,WP-ASYNC-FIX
tests.test_s7_4_tenant_assets.TestDynamicRegistry::test_async_raises_for_truly_unknown,TEST_FIXTURE_ISOLATION,Cluster A: RuntimeError no current event loop in thread MainThread — pytest asyncio config,YES,WP-ASYNC-FIX
tests.test_s7_4_tenant_assets.TestDynamicRegistry::test_async_resolver_called_for_unknown_urn,TEST_FIXTURE_ISOLATION,Cluster A: RuntimeError no current event loop in thread MainThread — pytest asyncio config,YES,WP-ASYNC-FIX
tests.test_s7_4_tenant_assets.TestDynamicRegistry::test_async_static_lookup,TEST_FIXTURE_ISOLATION,Cluster A: RuntimeError no current event loop in thread MainThread — pytest asyncio config,YES,WP-ASYNC-FIX
tests.test_s7_4_tenant_assets.TestDynamicRegistry::test_null_resolver_list_empty,TEST_FIXTURE_ISOLATION,Cluster A: RuntimeError no current event loop in thread MainThread — pytest asyncio config,YES,WP-ASYNC-FIX
tests.test_s7_4_tenant_assets.TestDynamicRegistry::test_null_resolver_returns_none,TEST_FIXTURE_ISOLATION,Cluster A: RuntimeError no current event loop in thread MainThread — pytest asyncio config,YES,WP-ASYNC-FIX
tests.test_search_path::test_search_path_is_set,TEST_FIXTURE_ISOLATION,Cluster A: RuntimeError no current event loop in thread MainThread — pytest asyncio config,YES,WP-ASYNC-FIX
tests.test_security_privacy.TestProductionErrorMasking::test_non_production_error_shows_details,TEST_FIXTURE_ISOLATION,Cluster A: RuntimeError no current event loop in thread MainThread — pytest asyncio config,YES,WP-ASYNC-FIX
tests.test_security_privacy.TestProductionErrorMasking::test_production_error_hides_exception_type,TEST_FIXTURE_ISOLATION,Cluster A: RuntimeError no current event loop in thread MainThread — pytest asyncio config,YES,WP-ASYNC-FIX
tests.test_security_privacy.TestProductionErrorMasking::test_production_error_hides_file_paths,TEST_FIXTURE_ISOLATION,Cluster A: RuntimeError no current event loop in thread MainThread — pytest asyncio config,YES,WP-ASYNC-FIX
tests.test_security_privacy.TestProductionErrorMasking::test_production_error_includes_request_id,TEST_FIXTURE_ISOLATION,Cluster A: RuntimeError no current event loop in thread MainThread — pytest asyncio config,YES,WP-ASYNC-FIX
tests.test_security_privacy.TestSecurityRegressionTests::test_production_env_check_works,TEST_FIXTURE_ISOLATION,Cluster A: RuntimeError no current event loop in thread MainThread — pytest asyncio config,YES,WP-ASYNC-FIX
tests.test_security_privacy.TestTenantIsolationEnforcement::test_missing_tenant_schema_raises_error,TEST_FIXTURE_ISOLATION,Cluster A: RuntimeError no current event loop in thread MainThread — pytest asyncio config,YES,WP-ASYNC-FIX
tests.test_security_privacy.TestTenantIsolationEnforcement::test_unauthenticated_request_skips_tenant_check,TEST_FIXTURE_ISOLATION,Cluster A: RuntimeError no current event loop in thread MainThread — pytest asyncio config,YES,WP-ASYNC-FIX
tests.test_security_privacy.TestTenantIsolationEnforcement::test_valid_tenant_schema_passes,TEST_FIXTURE_ISOLATION,Cluster A: RuntimeError no current event loop in thread MainThread — pytest asyncio config,YES,WP-ASYNC-FIX
tests.test_tenant_isolation.TestTenantSchemaIsolation::test_different_tenants_have_isolated_search_paths,TEST_FIXTURE_ISOLATION,Cluster A: RuntimeError no current event loop in thread MainThread — pytest asyncio config,YES,WP-ASYNC-FIX
tests.test_tenant_isolation.TestTenantSchemaIsolation::test_public_session_has_no_tenant_schema,TEST_FIXTURE_ISOLATION,Cluster A: RuntimeError no current event loop in thread MainThread — pytest asyncio config,YES,WP-ASYNC-FIX
tests.test_tenant_isolation.TestTenantSchemaIsolation::test_search_path_set_for_tenant_session,TEST_FIXTURE_ISOLATION,Cluster A: RuntimeError no current event loop in thread MainThread — pytest asyncio config,YES,WP-ASYNC-FIX
tests.test_u1r1_bootstrap_completeness.TestAdminPermissionCompleteness::test_admin_has_all_desired_permissions,TEST_FIXTURE_ISOLATION,Cluster A: RuntimeError no current event loop in thread MainThread — pytest asyncio config,YES,WP-ASYNC-FIX
tests.test_u1r1_bootstrap_completeness.TestAdminPermissionCompleteness::test_admin_user_has_admin_role,TEST_FIXTURE_ISOLATION,Cluster A: RuntimeError no current event loop in thread MainThread — pytest asyncio config,YES,WP-ASYNC-FIX
tests.test_u1r1_bootstrap_completeness.TestBootstrapIdempotency::test_double_bootstrap_does_not_error,TEST_FIXTURE_ISOLATION,Cluster A: RuntimeError no current event loop in thread MainThread — pytest asyncio config,YES,WP-ASYNC-FIX
tests.test_u1r1_bootstrap_completeness.TestBootstrapIdempotency::test_table_count_unchanged_after_double_bootstrap,TEST_FIXTURE_ISOLATION,Cluster A: RuntimeError no current event loop in thread MainThread — pytest asyncio config,YES,WP-ASYNC-FIX
tests.test_u1r1_bootstrap_completeness.TestBootstrapImportPreviewValidate::test_preview_creates_row_in_bootstrapped_import_runs,TEST_FIXTURE_ISOLATION,Cluster A: RuntimeError no current event loop in thread MainThread — pytest asyncio config,YES,WP-ASYNC-FIX
tests.test_u1r1_bootstrap_completeness.TestBootstrapImportPreviewValidate::test_validate_updates_bootstrapped_import_runs,TEST_FIXTURE_ISOLATION,Cluster A: RuntimeError no current event loop in thread MainThread — pytest asyncio config,YES,WP-ASYNC-FIX
tests.test_u1r1_bootstrap_completeness.TestBootstrapImportRuns::test_double_bootstrap_import_runs_idempotent,TEST_FIXTURE_ISOLATION,Cluster A: RuntimeError no current event loop in thread MainThread — pytest asyncio config,YES,WP-ASYNC-FIX
tests.test_u1r1_bootstrap_completeness.TestBootstrapImportRuns::test_import_runs_all_columns_present,TEST_FIXTURE_ISOLATION,Cluster A: RuntimeError no current event loop in thread MainThread — pytest asyncio config,YES,WP-ASYNC-FIX
tests.test_u1r1_bootstrap_completeness.TestBootstrapImportRuns::test_import_runs_all_indexes_present,TEST_FIXTURE_ISOLATION,Cluster A: RuntimeError no current event loop in thread MainThread — pytest asyncio config,YES,WP-ASYNC-FIX
tests.test_u1r1_bootstrap_completeness.TestBootstrapImportRuns::test_import_runs_import_id_unique_index,TEST_FIXTURE_ISOLATION,Cluster A: RuntimeError no current event loop in thread MainThread — pytest asyncio config,YES,WP-ASYNC-FIX
tests.test_u1r1_bootstrap_completeness.TestBootstrapImportRuns::test_import_runs_table_exists,TEST_FIXTURE_ISOLATION,Cluster A: RuntimeError no current event loop in thread MainThread — pytest asyncio config,YES,WP-ASYNC-FIX
tests.test_u1r1_bootstrap_completeness.TestSidebarApiSmokeNonSuperAdmin::test_admin_with_perms_passes_requirement,TEST_FIXTURE_ISOLATION,Cluster A: RuntimeError no current event loop in thread MainThread — pytest asyncio config,YES,WP-ASYNC-FIX
tests.test_u1r1_bootstrap_completeness.TestSidebarApiSmokeNonSuperAdmin::test_no_perm_user_gets_403,TEST_FIXTURE_ISOLATION,Cluster A: RuntimeError no current event loop in thread MainThread — pytest asyncio config,YES,WP-ASYNC-FIX
tests.test_u1r1_bootstrap_completeness.TestSidebarApiSmokeNonSuperAdmin::test_no_perm_user_raises_on_requirement,TEST_FIXTURE_ISOLATION,Cluster A: RuntimeError no current event loop in thread MainThread — pytest asyncio config,YES,WP-ASYNC-FIX
tests.test_u1r1_bootstrap_completeness.TestSidebarApiSmoke::test_sidebar_endpoint_returns_200[GET-/api/v1/dashboards/kpi/summary-Dashboard],TEST_FIXTURE_ISOLATION,Cluster A: RuntimeError no current event loop in thread MainThread — pytest asyncio config,YES,WP-ASYNC-FIX
tests.test_u1r1_bootstrap_completeness.TestSidebarApiSmoke::test_sidebar_endpoint_returns_200[GET-/api/v1/retailers-Customers],TEST_FIXTURE_ISOLATION,Cluster A: RuntimeError no current event loop in thread MainThread — pytest asyncio config,YES,WP-ASYNC-FIX
tests.test_u1r1_bootstrap_completeness.TestTableCompleteness::test_all_mvp_tables_exist,TEST_FIXTURE_ISOLATION,Cluster A: RuntimeError no current event loop in thread MainThread — pytest asyncio config,YES,WP-ASYNC-FIX
tests.test_u1r1_bootstrap_completeness.TestTableCompleteness::test_retailers_in_public_not_tenant,TEST_FIXTURE_ISOLATION,Cluster A: RuntimeError no current event loop in thread MainThread — pytest asyncio config,YES,WP-ASYNC-FIX
tests.test_u3b2_live_db_import_preview_validate.TestFullRoundtrip::test_complete_import_pipeline,TEST_FIXTURE_ISOLATION,Cluster A: RuntimeError no current event loop in thread MainThread — pytest asyncio config,YES,WP-ASYNC-FIX
tests.test_u3b2_live_db_import_preview_validate.TestMigrationSmoke::test_022_migration_all_orm_columns_present,TEST_FIXTURE_ISOLATION,Cluster A: RuntimeError no current event loop in thread MainThread — pytest asyncio config,YES,WP-ASYNC-FIX
tests.test_u3b2_live_db_import_preview_validate.TestMigrationSmoke::test_022_migration_creates_import_runs,TEST_FIXTURE_ISOLATION,Cluster A: RuntimeError no current event loop in thread MainThread — pytest asyncio config,YES,WP-ASYNC-FIX
tests.test_u3b2_live_db_import_preview_validate.TestMigrationSmoke::test_022_migration_includes_audit_columns,TEST_FIXTURE_ISOLATION,Cluster A: RuntimeError no current event loop in thread MainThread — pytest asyncio config,YES,WP-ASYNC-FIX
tests.test_u3b2_live_db_import_preview_validate.TestMigrationSmoke::test_import_runs_not_in_public_schema,TEST_FIXTURE_ISOLATION,Cluster A: RuntimeError no current event loop in thread MainThread — pytest asyncio config,YES,WP-ASYNC-FIX
tests.test_u3b2_live_db_import_preview_validate.TestNoSkuWrites::test_inventory_and_pricing_unchanged,TEST_FIXTURE_ISOLATION,Cluster A: RuntimeError no current event loop in thread MainThread — pytest asyncio config,YES,WP-ASYNC-FIX
tests.test_u3b2_live_db_import_preview_validate.TestNoSkuWrites::test_preview_does_not_write_skus,TEST_FIXTURE_ISOLATION,Cluster A: RuntimeError no current event loop in thread MainThread — pytest asyncio config,YES,WP-ASYNC-FIX
tests.test_u3b2_live_db_import_preview_validate.TestNoSkuWrites::test_validate_does_not_write_skus,TEST_FIXTURE_ISOLATION,Cluster A: RuntimeError no current event loop in thread MainThread — pytest asyncio config,YES,WP-ASYNC-FIX
tests.test_u3b2_live_db_import_preview_validate.TestPreviewLiveDB::test_preview_creates_import_run,TEST_FIXTURE_ISOLATION,Cluster A: RuntimeError no current event loop in thread MainThread — pytest asyncio config,YES,WP-ASYNC-FIX
tests.test_u3b2_live_db_import_preview_validate.TestPreviewLiveDB::test_preview_response_sample_rows_only_5,TEST_FIXTURE_ISOLATION,Cluster A: RuntimeError no current event loop in thread MainThread — pytest asyncio config,YES,WP-ASYNC-FIX
tests.test_u3b2_live_db_import_preview_validate.TestPreviewLiveDB::test_preview_utf8_sig_bom_live,TEST_FIXTURE_ISOLATION,Cluster A: RuntimeError no current event loop in thread MainThread — pytest asyncio config,YES,WP-ASYNC-FIX
tests.test_u3b2_live_db_import_preview_validate.TestValidateLiveDB::test_validate_6_row_csv_catches_row_6_error,TEST_FIXTURE_ISOLATION,Cluster A: RuntimeError no current event loop in thread MainThread — pytest asyncio config,YES,WP-ASYNC-FIX
tests.test_u3b2_live_db_import_preview_validate.TestValidateLiveDB::test_validate_duplicate_sku_detected_live,TEST_FIXTURE_ISOLATION,Cluster A: RuntimeError no current event loop in thread MainThread — pytest asyncio config,YES,WP-ASYNC-FIX
tests.test_u3b2_live_db_import_preview_validate.TestValidateLiveDB::test_validate_updates_import_run_status,TEST_FIXTURE_ISOLATION,Cluster A: RuntimeError no current event loop in thread MainThread — pytest asyncio config,YES,WP-ASYNC-FIX
tests.test_u3b2_preview_validate.TestDuplicateSKUDetection::test_existing_catalog_duplicate_warning,TEST_FIXTURE_ISOLATION,Cluster A: RuntimeError no current event loop in thread MainThread — pytest asyncio config,YES,WP-ASYNC-FIX
tests.test_u3b2_preview_validate.TestDuplicateSKUDetection::test_intra_file_duplicate_detected,TEST_FIXTURE_ISOLATION,Cluster A: RuntimeError no current event loop in thread MainThread — pytest asyncio config,YES,WP-ASYNC-FIX
tests.test_u3b2_preview_validate.TestDuplicateSKUDetection::test_no_false_positive_on_unique_codes,TEST_FIXTURE_ISOLATION,Cluster A: RuntimeError no current event loop in thread MainThread — pytest asyncio config,YES,WP-ASYNC-FIX
tests.test_u3b2_preview_validate.TestErrorModels::test_preview_bad_encoding,TEST_FIXTURE_ISOLATION,Cluster A: RuntimeError no current event loop in thread MainThread — pytest asyncio config,YES,WP-ASYNC-FIX
tests.test_u3b2_preview_validate.TestErrorModels::test_preview_empty_file,TEST_FIXTURE_ISOLATION,Cluster A: RuntimeError no current event loop in thread MainThread — pytest asyncio config,YES,WP-ASYNC-FIX
tests.test_u3b2_preview_validate.TestErrorModels::test_preview_no_columns,TEST_FIXTURE_ISOLATION,Cluster A: RuntimeError no current event loop in thread MainThread — pytest asyncio config,YES,WP-ASYNC-FIX
tests.test_u3b2_preview_validate.TestErrorModels::test_validate_import_not_found,TEST_FIXTURE_ISOLATION,Cluster A: RuntimeError no current event loop in thread MainThread — pytest asyncio config,YES,WP-ASYNC-FIX
tests.test_u3b2_preview_validate.TestErrorModels::test_validate_invalid_status,TEST_FIXTURE_ISOLATION,Cluster A: RuntimeError no current event loop in thread MainThread — pytest asyncio config,YES,WP-ASYNC-FIX
tests.test_u3b2_preview_validate.TestR3FullRowsAndCounting::test_duplicate_row_with_other_error_counts_once,TEST_FIXTURE_ISOLATION,Cluster A: RuntimeError no current event loop in thread MainThread — pytest asyncio config,YES,WP-ASYNC-FIX
tests.test_u3b2_preview_validate.TestR3FullRowsAndCounting::test_no_rows_returns_explicit_error,TEST_FIXTURE_ISOLATION,Cluster A: RuntimeError no current event loop in thread MainThread — pytest asyncio config,YES,WP-ASYNC-FIX
tests.test_u3b2_preview_validate.TestR3FullRowsAndCounting::test_preview_saves_full_rows_and_returns_sample,TEST_FIXTURE_ISOLATION,Cluster A: RuntimeError no current event loop in thread MainThread — pytest asyncio config,YES,WP-ASYNC-FIX
tests.test_u3b2_preview_validate.TestR3FullRowsAndCounting::test_six_row_csv_row6_duplicate_of_row1,TEST_FIXTURE_ISOLATION,Cluster A: RuntimeError no current event loop in thread MainThread — pytest asyncio config,YES,WP-ASYNC-FIX
tests.test_u3b2_preview_validate.TestR3FullRowsAndCounting::test_six_row_csv_sixth_row_missing_required,TEST_FIXTURE_ISOLATION,Cluster A: RuntimeError no current event loop in thread MainThread — pytest asyncio config,YES,WP-ASYNC-FIX
tests.test_u3b2_preview_validate.TestRowLevelValidation::test_validate_all_valid,TEST_FIXTURE_ISOLATION,Cluster A: RuntimeError no current event loop in thread MainThread — pytest asyncio config,YES,WP-ASYNC-FIX
tests.test_u3b2_preview_validate.TestRowLevelValidation::test_validate_empty_name_row,TEST_FIXTURE_ISOLATION,Cluster A: RuntimeError no current event loop in thread MainThread — pytest asyncio config,YES,WP-ASYNC-FIX
tests.test_u3b2_preview_validate.TestRowLevelValidation::test_validate_empty_sku_code_row,TEST_FIXTURE_ISOLATION,Cluster A: RuntimeError no current event loop in thread MainThread — pytest asyncio config,YES,WP-ASYNC-FIX
tests.test_u3b2_preview_validate.TestRowLevelValidation::test_validate_is_active_non_boolean_warning,TEST_FIXTURE_ISOLATION,Cluster A: RuntimeError no current event loop in thread MainThread — pytest asyncio config,YES,WP-ASYNC-FIX
tests.test_u3b2_preview_validate.TestRowLevelValidation::test_validate_missing_required_field_in_mapping,TEST_FIXTURE_ISOLATION,Cluster A: RuntimeError no current event loop in thread MainThread — pytest asyncio config,YES,WP-ASYNC-FIX
tests.test_u3b2_preview_validate.TestRowLevelValidation::test_validate_name_too_long,TEST_FIXTURE_ISOLATION,Cluster A: RuntimeError no current event loop in thread MainThread — pytest asyncio config,YES,WP-ASYNC-FIX
tests.test_u3b2_preview_validate.TestRowLevelValidation::test_validate_sku_code_too_long,TEST_FIXTURE_ISOLATION,Cluster A: RuntimeError no current event loop in thread MainThread — pytest asyncio config,YES,WP-ASYNC-FIX
tests.test_u3b2_preview_validate.TestRowLevelValidation::test_validate_sku_code_with_spaces_warning,TEST_FIXTURE_ISOLATION,Cluster A: RuntimeError no current event loop in thread MainThread — pytest asyncio config,YES,WP-ASYNC-FIX
tests.test_u3c_import_apply.TestCorruptedValidatedRows::test_all_rows_corrupt_no_db_add,TEST_FIXTURE_ISOLATION,Cluster A: RuntimeError no current event loop in thread MainThread — pytest asyncio config,YES,WP-ASYNC-FIX
tests.test_u3c_import_apply.TestCorruptedValidatedRows::test_empty_sku_code_raises_422,TEST_FIXTURE_ISOLATION,Cluster A: RuntimeError no current event loop in thread MainThread — pytest asyncio config,YES,WP-ASYNC-FIX
tests.test_u3c_import_apply.TestCorruptedValidatedRows::test_missing_sku_code_column_raises_422,TEST_FIXTURE_ISOLATION,Cluster A: RuntimeError no current event loop in thread MainThread — pytest asyncio config,YES,WP-ASYNC-FIX
tests.test_u3c_import_apply.TestCorruptedValidatedRows::test_mixed_valid_and_corrupt_fails_entirely,TEST_FIXTURE_ISOLATION,Cluster A: RuntimeError no current event loop in thread MainThread — pytest asyncio config,YES,WP-ASYNC-FIX
tests.test_u3c_import_apply.TestCountersAndAudit::test_applied_at_set,TEST_FIXTURE_ISOLATION,Cluster A: RuntimeError no current event loop in thread MainThread — pytest asyncio config,YES,WP-ASYNC-FIX
tests.test_u3c_import_apply.TestCountersAndAudit::test_applied_by_set_when_provided,TEST_FIXTURE_ISOLATION,Cluster A: RuntimeError no current event loop in thread MainThread — pytest asyncio config,YES,WP-ASYNC-FIX
tests.test_u3c_import_apply.TestCountersAndAudit::test_apply_result_populated,TEST_FIXTURE_ISOLATION,Cluster A: RuntimeError no current event loop in thread MainThread — pytest asyncio config,YES,WP-ASYNC-FIX
tests.test_u3c_import_apply.TestCountersAndAudit::test_counters_correct,TEST_FIXTURE_ISOLATION,Cluster A: RuntimeError no current event loop in thread MainThread — pytest asyncio config,YES,WP-ASYNC-FIX
tests.test_u3c_import_apply.TestCustomAttributesGuard::test_custom_attributes_error_message_includes_details,TEST_FIXTURE_ISOLATION,Cluster A: RuntimeError no current event loop in thread MainThread — pytest asyncio config,YES,WP-ASYNC-FIX
tests.test_u3c_import_apply.TestCustomAttributesGuard::test_custom_attributes_mapping_rejected,TEST_FIXTURE_ISOLATION,Cluster A: RuntimeError no current event loop in thread MainThread — pytest asyncio config,YES,WP-ASYNC-FIX
tests.test_u3c_import_apply.TestCustomAttributesGuard::test_no_custom_attributes_passes,TEST_FIXTURE_ISOLATION,Cluster A: RuntimeError no current event loop in thread MainThread — pytest asyncio config,YES,WP-ASYNC-FIX
tests.test_u3c_import_apply.TestFailStrategy::test_conflict_causes_409_no_creation,TEST_FIXTURE_ISOLATION,Cluster A: RuntimeError no current event loop in thread MainThread — pytest asyncio config,YES,WP-ASYNC-FIX
tests.test_u3c_import_apply.TestFailStrategy::test_no_conflict_all_created,TEST_FIXTURE_ISOLATION,Cluster A: RuntimeError no current event loop in thread MainThread — pytest asyncio config,YES,WP-ASYNC-FIX
tests.test_u3c_import_apply.TestIdempotency::test_apply_then_apply_same_codes_skip,TEST_FIXTURE_ISOLATION,Cluster A: RuntimeError no current event loop in thread MainThread — pytest asyncio config,YES,WP-ASYNC-FIX
tests.test_u3c_import_apply.TestIdempotency::test_second_apply_rejected,TEST_FIXTURE_ISOLATION,Cluster A: RuntimeError no current event loop in thread MainThread — pytest asyncio config,YES,WP-ASYNC-FIX
tests.test_u3c_import_apply.TestNonValidatedStatus::test_applied_status_rejected,TEST_FIXTURE_ISOLATION,Cluster A: RuntimeError no current event loop in thread MainThread — pytest asyncio config,YES,WP-ASYNC-FIX
tests.test_u3c_import_apply.TestNonValidatedStatus::test_failed_status_rejected,TEST_FIXTURE_ISOLATION,Cluster A: RuntimeError no current event loop in thread MainThread — pytest asyncio config,YES,WP-ASYNC-FIX
tests.test_u3c_import_apply.TestNonValidatedStatus::test_needs_review_status_rejected,TEST_FIXTURE_ISOLATION,Cluster A: RuntimeError no current event loop in thread MainThread — pytest asyncio config,YES,WP-ASYNC-FIX
tests.test_u3c_import_apply.TestNonValidatedStatus::test_previewed_status_rejected,TEST_FIXTURE_ISOLATION,Cluster A: RuntimeError no current event loop in thread MainThread — pytest asyncio config,YES,WP-ASYNC-FIX
tests.test_u3c_import_apply.TestSkipStrategy::test_all_existing_all_skipped,TEST_FIXTURE_ISOLATION,Cluster A: RuntimeError no current event loop in thread MainThread — pytest asyncio config,YES,WP-ASYNC-FIX
tests.test_u3c_import_apply.TestSkipStrategy::test_all_new_skus_created,TEST_FIXTURE_ISOLATION,Cluster A: RuntimeError no current event loop in thread MainThread — pytest asyncio config,YES,WP-ASYNC-FIX
tests.test_u3c_import_apply.TestSkipStrategy::test_existing_sku_skipped_new_created,TEST_FIXTURE_ISOLATION,Cluster A: RuntimeError no current event loop in thread MainThread — pytest asyncio config,YES,WP-ASYNC-FIX
tests.test_u3c_import_apply.TestStatusTransition::test_status_becomes_applied,TEST_FIXTURE_ISOLATION,Cluster A: RuntimeError no current event loop in thread MainThread — pytest asyncio config,YES,WP-ASYNC-FIX
tests.test_u3c_live_db_apply.TestApplySuccess::test_apply_creates_skus_in_db,TEST_FIXTURE_ISOLATION,Cluster A: RuntimeError no current event loop in thread MainThread — pytest asyncio config,YES,WP-ASYNC-FIX
tests.test_u3c_live_db_apply.TestApplySuccess::test_apply_single_sku,TEST_FIXTURE_ISOLATION,Cluster A: RuntimeError no current event loop in thread MainThread — pytest asyncio config,YES,WP-ASYNC-FIX
tests.test_u3c_live_db_apply.TestFailDuplicate::test_fail_on_existing_sku_rolls_back,TEST_FIXTURE_ISOLATION,Cluster A: RuntimeError no current event loop in thread MainThread — pytest asyncio config,YES,WP-ASYNC-FIX
tests.test_u3c_live_db_apply.TestNoSideEffectWrites::test_apply_does_not_write_inventory,TEST_FIXTURE_ISOLATION,Cluster A: RuntimeError no current event loop in thread MainThread — pytest asyncio config,YES,WP-ASYNC-FIX
tests.test_u3c_live_db_apply.TestNoSideEffectWrites::test_apply_does_not_write_pricing,TEST_FIXTURE_ISOLATION,Cluster A: RuntimeError no current event loop in thread MainThread — pytest asyncio config,YES,WP-ASYNC-FIX
tests.test_u3c_live_db_apply.TestNoSideEffectWrites::test_apply_no_cross_table_contamination,TEST_FIXTURE_ISOLATION,Cluster A: RuntimeError no current event loop in thread MainThread — pytest asyncio config,YES,WP-ASYNC-FIX
tests.test_u3c_live_db_apply.TestSecondApplyRejected::test_second_apply_returns_409,TEST_FIXTURE_ISOLATION,Cluster A: RuntimeError no current event loop in thread MainThread — pytest asyncio config,YES,WP-ASYNC-FIX
tests.test_u3c_live_db_apply.TestSkipDuplicate::test_skip_existing_sku_code,TEST_FIXTURE_ISOLATION,Cluster A: RuntimeError no current event loop in thread MainThread — pytest asyncio config,YES,WP-ASYNC-FIX
tests.test_u3e_e2e_hardening.TestE2EDuplicateHandling::test_fail_strategy_blocks_all_on_conflict,TEST_FIXTURE_ISOLATION,Cluster A: RuntimeError no current event loop in thread MainThread — pytest asyncio config,YES,WP-ASYNC-FIX
tests.test_u3e_e2e_hardening.TestE2EDuplicateHandling::test_skip_all_existing_all_skipped,TEST_FIXTURE_ISOLATION,Cluster A: RuntimeError no current event loop in thread MainThread — pytest asyncio config,YES,WP-ASYNC-FIX
tests.test_u3e_e2e_hardening.TestE2EDuplicateHandling::test_skip_strategy_skips_existing_creates_new,TEST_FIXTURE_ISOLATION,Cluster A: RuntimeError no current event loop in thread MainThread — pytest asyncio config,YES,WP-ASYNC-FIX
tests.test_u3e_e2e_hardening.TestE2EDuplicateHandling::test_validate_warns_about_existing_catalog_codes,TEST_FIXTURE_ISOLATION,Cluster A: RuntimeError no current event loop in thread MainThread — pytest asyncio config,YES,WP-ASYNC-FIX
tests.test_u3e_e2e_hardening.TestE2EFailClosed::test_all_corrupt_rows_zero_db_add,TEST_FIXTURE_ISOLATION,Cluster A: RuntimeError no current event loop in thread MainThread — pytest asyncio config,YES,WP-ASYNC-FIX
tests.test_u3e_e2e_hardening.TestE2EFailClosed::test_all_empty_sku_codes_zero_db_add,TEST_FIXTURE_ISOLATION,Cluster A: RuntimeError no current event loop in thread MainThread — pytest asyncio config,YES,WP-ASYNC-FIX
tests.test_u3e_e2e_hardening.TestE2EFailClosed::test_custom_attributes_stops_with_no_creation,TEST_FIXTURE_ISOLATION,Cluster A: RuntimeError no current event loop in thread MainThread — pytest asyncio config,YES,WP-ASYNC-FIX
tests.test_u3e_e2e_hardening.TestE2EFailClosed::test_mixed_valid_corrupt_raises_422_not_applied,TEST_FIXTURE_ISOLATION,Cluster A: RuntimeError no current event loop in thread MainThread — pytest asyncio config,YES,WP-ASYNC-FIX
tests.test_u3e_e2e_hardening.TestE2EHappyPath::test_apply_creates_all_skus_success,TEST_FIXTURE_ISOLATION,Cluster A: RuntimeError no current event loop in thread MainThread — pytest asyncio config,YES,WP-ASYNC-FIX
tests.test_u3e_e2e_hardening.TestE2EHappyPath::test_apply_result_jsonb_populated,TEST_FIXTURE_ISOLATION,Cluster A: RuntimeError no current event loop in thread MainThread — pytest asyncio config,YES,WP-ASYNC-FIX
tests.test_u3e_e2e_hardening.TestE2EHappyPath::test_full_pipeline_utf8_bom_handled,TEST_FIXTURE_ISOLATION,Cluster A: RuntimeError no current event loop in thread MainThread — pytest asyncio config,YES,WP-ASYNC-FIX
tests.test_u3e_e2e_hardening.TestE2EHappyPath::test_preview_creates_import_run,TEST_FIXTURE_ISOLATION,Cluster A: RuntimeError no current event loop in thread MainThread — pytest asyncio config,YES,WP-ASYNC-FIX
tests.test_u3e_e2e_hardening.TestE2EHappyPath::test_validate_transitions_to_validated,TEST_FIXTURE_ISOLATION,Cluster A: RuntimeError no current event loop in thread MainThread — pytest asyncio config,YES,WP-ASYNC-FIX
tests.test_u3e_e2e_hardening.TestE2EInvalidCSV::test_apply_blocked_on_needs_review,TEST_FIXTURE_ISOLATION,Cluster A: RuntimeError no current event loop in thread MainThread — pytest asyncio config,YES,WP-ASYNC-FIX
tests.test_u3e_e2e_hardening.TestE2EInvalidCSV::test_empty_name_shows_row_error,TEST_FIXTURE_ISOLATION,Cluster A: RuntimeError no current event loop in thread MainThread — pytest asyncio config,YES,WP-ASYNC-FIX
tests.test_u3e_e2e_hardening.TestE2EInvalidCSV::test_empty_sku_code_shows_row_error,TEST_FIXTURE_ISOLATION,Cluster A: RuntimeError no current event loop in thread MainThread — pytest asyncio config,YES,WP-ASYNC-FIX
tests.test_u3e_e2e_hardening.TestE2EInvalidCSV::test_intra_file_duplicates_detected_at_validate,TEST_FIXTURE_ISOLATION,Cluster A: RuntimeError no current event loop in thread MainThread — pytest asyncio config,YES,WP-ASYNC-FIX
tests.test_u3e_e2e_hardening.TestE2ELifecycle::test_applied_sets_audit_fields,TEST_FIXTURE_ISOLATION,Cluster A: RuntimeError no current event loop in thread MainThread — pytest asyncio config,YES,WP-ASYNC-FIX
tests.test_u3e_e2e_hardening.TestE2ELifecycle::test_double_apply_rejected,TEST_FIXTURE_ISOLATION,Cluster A: RuntimeError no current event loop in thread MainThread — pytest asyncio config,YES,WP-ASYNC-FIX
tests.test_u3e_e2e_hardening.TestE2ELifecycle::test_status_previewed_to_validated_to_applied,TEST_FIXTURE_ISOLATION,Cluster A: RuntimeError no current event loop in thread MainThread — pytest asyncio config,YES,WP-ASYNC-FIX
tests.test_u3e_e2e_hardening.TestE2ELifecycle::test_validated_stores_field_mapping,TEST_FIXTURE_ISOLATION,Cluster A: RuntimeError no current event loop in thread MainThread — pytest asyncio config,YES,WP-ASYNC-FIX
tests.test_u4c_intake_api_contract::test_authenticated_user_without_intake_create_cannot_post,TEST_FIXTURE_ISOLATION,Cluster A: RuntimeError no current event loop in thread MainThread — pytest asyncio config,YES,WP-ASYNC-FIX
tests.test_u4c_intake_api_contract::test_authenticated_user_without_intake_read_cannot_list_or_detail,TEST_FIXTURE_ISOLATION,Cluster A: RuntimeError no current event loop in thread MainThread — pytest asyncio config,YES,WP-ASYNC-FIX
tests.test_u4c_intake_api_contract::test_contextual_tenant_user_with_intake_create_can_create_workspace,TEST_FIXTURE_ISOLATION,Cluster A: RuntimeError no current event loop in thread MainThread — pytest asyncio config,YES,WP-ASYNC-FIX
tests.test_u4c_intake_api_contract::test_contextual_tenant_user_with_intake_read_can_list_and_detail_created_workspace,TEST_FIXTURE_ISOLATION,Cluster A: RuntimeError no current event loop in thread MainThread — pytest asyncio config,YES,WP-ASYNC-FIX
tests.test_u4c_intake_api_contract::test_detail_endpoint_does_not_return_another_tenant_workspace,TEST_FIXTURE_ISOLATION,Cluster A: RuntimeError no current event loop in thread MainThread — pytest asyncio config,YES,WP-ASYNC-FIX
tests.test_u4c_intake_api_contract::test_failed_create_after_flush_rolls_back_without_partial_workspace,TEST_FIXTURE_ISOLATION,Cluster A: RuntimeError no current event loop in thread MainThread — pytest asyncio config,YES,WP-ASYNC-FIX
tests.test_u4c_intake_api_contract::test_unauthenticated_request_to_workspaces_is_rejected,TEST_FIXTURE_ISOLATION,Cluster A: RuntimeError no current event loop in thread MainThread — pytest asyncio config,YES,WP-ASYNC-FIX
tests.test_u4c_intake_backend_schema::test_024_migration_creates_exact_four_intake_tables,TEST_FIXTURE_ISOLATION,Cluster A: RuntimeError no current event loop in thread MainThread — pytest asyncio config,YES,WP-ASYNC-FIX
tests.test_u4c_intake_backend_schema::test_024_migration_does_not_create_public_intake_tables,TEST_FIXTURE_ISOLATION,Cluster A: RuntimeError no current event loop in thread MainThread — pytest asyncio config,YES,WP-ASYNC-FIX
tests.test_u4c_intake_backend_schema::test_024_migration_tables_include_tenant_and_audit_columns,TEST_FIXTURE_ISOLATION,Cluster A: RuntimeError no current event loop in thread MainThread — pytest asyncio config,YES,WP-ASYNC-FIX
tests.test_u4c_intake_backend_schema::test_bootstrap_reconciles_missing_intake_tables_and_indexes,TEST_FIXTURE_ISOLATION,Cluster A: RuntimeError no current event loop in thread MainThread — pytest asyncio config,YES,WP-ASYNC-FIX
tests.test_u4d_intake_parser_preview::test_upload_mapping_validation_rows_and_issues_are_staging_only,TEST_FIXTURE_ISOLATION,Cluster A: RuntimeError no current event loop in thread MainThread — pytest asyncio config,YES,WP-ASYNC-FIX
tests.test_u4d_intake_parser_preview::test_upload_requires_create_or_update_permission,TEST_FIXTURE_ISOLATION,Cluster A: RuntimeError no current event loop in thread MainThread — pytest asyncio config,YES,WP-ASYNC-FIX
tests.test_u4ib1_intake_apply_audit_schema::test_025_migration_adds_apply_audit_columns_defaults_indexes_and_constraints,TEST_FIXTURE_ISOLATION,Cluster A: RuntimeError no current event loop in thread MainThread — pytest asyncio config,YES,WP-ASYNC-FIX
tests.test_u4ib1_intake_apply_audit_schema::test_bootstrap_fresh_tenant_has_apply_audit_columns,TEST_FIXTURE_ISOLATION,Cluster A: RuntimeError no current event loop in thread MainThread — pytest asyncio config,YES,WP-ASYNC-FIX
tests.test_u4ib1_intake_apply_audit_schema::test_bootstrap_reconciles_existing_tenant_missing_apply_audit_columns,TEST_FIXTURE_ISOLATION,Cluster A: RuntimeError no current event loop in thread MainThread — pytest asyncio config,YES,WP-ASYNC-FIX
tests.test_u4ib2_intake_apply_service::test_apply_requires_intake_update,TEST_FIXTURE_ISOLATION,Cluster A: RuntimeError no current event loop in thread MainThread — pytest asyncio config,YES,WP-ASYNC-FIX
tests.test_u4ib2_intake_apply_service::test_apply_requires_skus_import,TEST_FIXTURE_ISOLATION,Cluster A: RuntimeError no current event loop in thread MainThread — pytest asyncio config,YES,WP-ASYNC-FIX
tests.test_u4ib2_intake_apply_service::test_blocking_validation_issue_fails_apply,TEST_FIXTURE_ISOLATION,Cluster A: RuntimeError no current event loop in thread MainThread — pytest asyncio config,YES,WP-ASYNC-FIX
tests.test_u4ib2_intake_apply_service::test_cannot_apply_another_tenant_workspace,TEST_FIXTURE_ISOLATION,Cluster A: RuntimeError no current event loop in thread MainThread — pytest asyncio config,YES,WP-ASYNC-FIX
tests.test_u4ib2_intake_apply_service::test_duplicate_staged_sku_code_fails_before_any_sku_write,TEST_FIXTURE_ISOLATION,Cluster A: RuntimeError no current event loop in thread MainThread — pytest asyncio config,YES,WP-ASYNC-FIX
tests.test_u4ib2_intake_apply_service::test_existing_official_sku_code_fails_before_any_sku_write,TEST_FIXTURE_ISOLATION,Cluster A: RuntimeError no current event loop in thread MainThread — pytest asyncio config,YES,WP-ASYNC-FIX
tests.test_u4ib2_intake_apply_service::test_mid_apply_failure_rolls_back_sku_writes_and_audit,TEST_FIXTURE_ISOLATION,Cluster A: RuntimeError no current event loop in thread MainThread — pytest asyncio config,YES,WP-ASYNC-FIX
tests.test_u4ib2_intake_apply_service::test_missing_required_row_fields_fails_before_any_sku_write,TEST_FIXTURE_ISOLATION,Cluster A: RuntimeError no current event loop in thread MainThread — pytest asyncio config,YES,WP-ASYNC-FIX
tests.test_u4ib2_intake_apply_service::test_non_not_applied_status_fails_without_writes_or_audit_changes[applying],TEST_FIXTURE_ISOLATION,Cluster A: RuntimeError no current event loop in thread MainThread — pytest asyncio config,YES,WP-ASYNC-FIX
tests.test_u4ib2_intake_apply_service::test_non_not_applied_status_fails_without_writes_or_audit_changes[failed],TEST_FIXTURE_ISOLATION,Cluster A: RuntimeError no current event loop in thread MainThread — pytest asyncio config,YES,WP-ASYNC-FIX
tests.test_u4ib2_intake_apply_service::test_repeated_apply_returns_already_applied_without_duplicate_skus,TEST_FIXTURE_ISOLATION,Cluster A: RuntimeError no current event loop in thread MainThread — pytest asyncio config,YES,WP-ASYNC-FIX
tests.test_u4ib2_intake_apply_service::test_successful_apply_creates_skus_and_updates_audit,TEST_FIXTURE_ISOLATION,Cluster A: RuntimeError no current event loop in thread MainThread — pytest asyncio config,YES,WP-ASYNC-FIX
tests.test_u4ib2_intake_apply_service::test_workspace_not_ready_for_export_fails_apply,TEST_FIXTURE_ISOLATION,Cluster A: RuntimeError no current event loop in thread MainThread — pytest asyncio config,YES,WP-ASYNC-FIX
tests.test_u6c_signup_email_verification_skeleton::test_duplicate_same_normalized_email_returns_neutral_success_without_duplicate_live_registration,TEST_FIXTURE_ISOLATION,Cluster A: RuntimeError no current event loop in thread MainThread — pytest asyncio config,YES,WP-ASYNC-FIX
tests.test_u6c_signup_email_verification_skeleton::test_idempotent_retry_does_not_expose_changed_internal_status,TEST_FIXTURE_ISOLATION,Cluster A: RuntimeError no current event loop in thread MainThread — pytest asyncio config,YES,WP-ASYNC-FIX
tests.test_u6c_signup_email_verification_skeleton::test_invalid_email_or_password_returns_validation_error_without_db_writes,TEST_FIXTURE_ISOLATION,Cluster A: RuntimeError no current event loop in thread MainThread — pytest asyncio config,YES,WP-ASYNC-FIX
tests.test_u6c_signup_email_verification_skeleton::test_production_signup_fails_closed_without_email_provider_and_writes_no_rows,TEST_FIXTURE_ISOLATION,Cluster A: RuntimeError no current event loop in thread MainThread — pytest asyncio config,YES,WP-ASYNC-FIX
tests.test_u6c_signup_email_verification_skeleton::test_same_idempotency_key_and_fingerprint_is_safe,TEST_FIXTURE_ISOLATION,Cluster A: RuntimeError no current event loop in thread MainThread — pytest asyncio config,YES,WP-ASYNC-FIX
tests.test_u6c_signup_email_verification_skeleton::test_signup_creates_pending_registration_and_one_active_verification_token,TEST_FIXTURE_ISOLATION,Cluster A: RuntimeError no current event loop in thread MainThread — pytest asyncio config,YES,WP-ASYNC-FIX
tests.test_u6c_signup_email_verification_skeleton::test_signup_does_not_create_tenant_schema_users_roles_or_rbac,TEST_FIXTURE_ISOLATION,Cluster A: RuntimeError no current event loop in thread MainThread — pytest asyncio config,YES,WP-ASYNC-FIX
tests.test_u6c_signup_email_verification_skeleton::test_signup_endpoint_returns_503_when_email_delivery_is_unavailable,TEST_FIXTURE_ISOLATION,Cluster A: RuntimeError no current event loop in thread MainThread — pytest asyncio config,YES,WP-ASYNC-FIX
tests.test_u6c_signup_email_verification_skeleton::test_signup_response_has_no_raw_token_and_no_query_string_status_contract,TEST_FIXTURE_ISOLATION,Cluster A: RuntimeError no current event loop in thread MainThread — pytest asyncio config,YES,WP-ASYNC-FIX
tests.test_u6c_signup_email_verification_skeleton::test_signup_stores_only_token_hash_and_dev_sink_captures_delivery,TEST_FIXTURE_ISOLATION,Cluster A: RuntimeError no current event loop in thread MainThread — pytest asyncio config,YES,WP-ASYNC-FIX
tests.test_u6d_verify_email_endpoint::test_expired_token_returns_neutral_failure_and_writes_nothing,TEST_FIXTURE_ISOLATION,Cluster A: RuntimeError no current event loop in thread MainThread — pytest asyncio config,YES,WP-ASYNC-FIX
tests.test_u6d_verify_email_endpoint::test_invalid_token_returns_neutral_failure_and_writes_nothing,TEST_FIXTURE_ISOLATION,Cluster A: RuntimeError no current event loop in thread MainThread — pytest asyncio config,YES,WP-ASYNC-FIX
tests.test_u6d_verify_email_endpoint::test_missing_or_query_string_token_returns_neutral_failure_and_writes_nothing,TEST_FIXTURE_ISOLATION,Cluster A: RuntimeError no current event loop in thread MainThread — pytest asyncio config,YES,WP-ASYNC-FIX
tests.test_u6d_verify_email_endpoint::test_reused_token_cannot_verify_twice,TEST_FIXTURE_ISOLATION,Cluster A: RuntimeError no current event loop in thread MainThread — pytest asyncio config,YES,WP-ASYNC-FIX
tests.test_u6d_verify_email_endpoint::test_token_for_non_pending_registration_does_not_regress_state,TEST_FIXTURE_ISOLATION,Cluster A: RuntimeError no current event loop in thread MainThread — pytest asyncio config,YES,WP-ASYNC-FIX
tests.test_u6d_verify_email_endpoint::test_valid_token_verifies_registration_and_marks_token_used,TEST_FIXTURE_ISOLATION,Cluster A: RuntimeError no current event loop in thread MainThread — pytest asyncio config,YES,WP-ASYNC-FIX
tests.test_u6d_verify_email_endpoint::test_verify_email_has_no_get_query_token_route,TEST_FIXTURE_ISOLATION,Cluster A: RuntimeError no current event loop in thread MainThread — pytest asyncio config,YES,WP-ASYNC-FIX
tests.test_u6d_verify_email_endpoint::test_verify_email_provisions_tenant_schema_without_admin_rbac_side_effects,TEST_FIXTURE_ISOLATION,Cluster A: RuntimeError no current event loop in thread MainThread — pytest asyncio config,YES,WP-ASYNC-FIX
tests.test_u6e0_onboarding_status_token_schema::test_no_onboarding_status_endpoint_or_runtime_route_added,STALE_TEST_CONTRACT,Onboarding status route /onboarding/status exists but test asserts it should not,YES,WP-STALE-ASSERT
tests.test_u6e_onboarding_status_endpoint::test_after_verify_email_valid_status_token_returns_active,TEST_FIXTURE_ISOLATION,Cluster A: RuntimeError no current event loop in thread MainThread — pytest asyncio config,YES,WP-ASYNC-FIX
tests.test_u6e_onboarding_status_endpoint::test_body_header_status_token_mismatch_fails_neutrally,TEST_FIXTURE_ISOLATION,Cluster A: RuntimeError no current event loop in thread MainThread — pytest asyncio config,YES,WP-ASYNC-FIX
tests.test_u6e_onboarding_status_endpoint::test_duplicate_live_email_neutral_signup_creates_no_new_status_token,TEST_FIXTURE_ISOLATION,Cluster A: RuntimeError no current event loop in thread MainThread — pytest asyncio config,YES,WP-ASYNC-FIX
tests.test_u6e_onboarding_status_endpoint::test_expired_or_revoked_status_token_fails_neutrally,TEST_FIXTURE_ISOLATION,Cluster A: RuntimeError no current event loop in thread MainThread — pytest asyncio config,YES,WP-ASYNC-FIX
tests.test_u6e_onboarding_status_endpoint::test_idempotent_signup_retry_creates_no_duplicate_active_status_token,TEST_FIXTURE_ISOLATION,Cluster A: RuntimeError no current event loop in thread MainThread — pytest asyncio config,YES,WP-ASYNC-FIX
tests.test_u6e_onboarding_status_endpoint::test_invalid_status_token_returns_neutral_failure_and_writes_nothing,TEST_FIXTURE_ISOLATION,Cluster A: RuntimeError no current event loop in thread MainThread — pytest asyncio config,YES,WP-ASYNC-FIX
tests.test_u6e_onboarding_status_endpoint::test_missing_status_token_returns_neutral_failure,TEST_FIXTURE_ISOLATION,Cluster A: RuntimeError no current event loop in thread MainThread — pytest asyncio config,YES,WP-ASYNC-FIX
tests.test_u6e_onboarding_status_endpoint::test_onboarding_status_has_no_get_route,TEST_FIXTURE_ISOLATION,Cluster A: RuntimeError no current event loop in thread MainThread — pytest asyncio config,YES,WP-ASYNC-FIX
tests.test_u6e_onboarding_status_endpoint::test_onboarding_status_has_no_tenant_schema_users_roles_or_rbac_side_effects,TEST_FIXTURE_ISOLATION,Cluster A: RuntimeError no current event loop in thread MainThread — pytest asyncio config,YES,WP-ASYNC-FIX
tests.test_u6e_onboarding_status_endpoint::test_query_string_status_token_alone_fails_neutrally,TEST_FIXTURE_ISOLATION,Cluster A: RuntimeError no current event loop in thread MainThread — pytest asyncio config,YES,WP-ASYNC-FIX
tests.test_u6e_onboarding_status_endpoint::test_signup_creates_one_active_status_token_hash_for_new_registration,TEST_FIXTURE_ISOLATION,Cluster A: RuntimeError no current event loop in thread MainThread — pytest asyncio config,YES,WP-ASYNC-FIX
tests.test_u6e_onboarding_status_endpoint::test_status_response_never_exposes_sensitive_internal_details,TEST_FIXTURE_ISOLATION,Cluster A: RuntimeError no current event loop in thread MainThread — pytest asyncio config,YES,WP-ASYNC-FIX
tests.test_u6e_onboarding_status_endpoint::test_valid_body_status_token_returns_pending_email_verification,TEST_FIXTURE_ISOLATION,Cluster A: RuntimeError no current event loop in thread MainThread — pytest asyncio config,YES,WP-ASYNC-FIX
tests.test_u6f_onboarding_auth_chain_closeout::test_closeout_provisions_tenant_but_defers_admin_rbac_until_setup_credential,TEST_FIXTURE_ISOLATION,Cluster A: RuntimeError no current event loop in thread MainThread — pytest asyncio config,YES,WP-ASYNC-FIX
tests.test_u6f_onboarding_auth_chain_closeout::test_duplicate_email_neutrality_creates_no_second_live_registration_or_status_token,TEST_FIXTURE_ISOLATION,Cluster A: RuntimeError no current event loop in thread MainThread — pytest asyncio config,YES,WP-ASYNC-FIX
tests.test_u6f_onboarding_auth_chain_closeout::test_end_to_end_signup_verify_status_happy_path_is_neutral_and_provisions_without_admin,TEST_FIXTURE_ISOLATION,Cluster A: RuntimeError no current event loop in thread MainThread — pytest asyncio config,YES,WP-ASYNC-FIX
tests.test_u6f_onboarding_auth_chain_closeout::test_idempotency_retry_and_conflict_do_not_create_duplicate_rows,TEST_FIXTURE_ISOLATION,Cluster A: RuntimeError no current event loop in thread MainThread — pytest asyncio config,YES,WP-ASYNC-FIX
tests.test_u6f_onboarding_auth_chain_closeout::test_migration_schema_sanity_for_u6f_closeout_gate,TEST_FIXTURE_ISOLATION,Cluster A: RuntimeError no current event loop in thread MainThread — pytest asyncio config,YES,WP-ASYNC-FIX
tests.test_u6f_onboarding_auth_chain_closeout::test_route_policy_keeps_only_expected_onboarding_auth_routes_public,TEST_FIXTURE_ISOLATION,Cluster A: RuntimeError no current event loop in thread MainThread — pytest asyncio config,YES,WP-ASYNC-FIX
tests.test_u6f_onboarding_auth_chain_closeout::test_token_transport_and_invalid_missing_expired_reused_fail_neutrally,TEST_FIXTURE_ISOLATION,Cluster A: RuntimeError no current event loop in thread MainThread — pytest asyncio config,YES,WP-ASYNC-FIX
tests.test_u6h1_tenant_provisioning_service_skeleton::test_active_registration_with_assignment_returns_idempotent_existing_result,TEST_FIXTURE_ISOLATION,Cluster A: RuntimeError no current event loop in thread MainThread — pytest asyncio config,YES,WP-ASYNC-FIX
tests.test_u6h1_tenant_provisioning_service_skeleton::test_blocked_statuses_do_not_mutate[cancelled],TEST_FIXTURE_ISOLATION,Cluster A: RuntimeError no current event loop in thread MainThread — pytest asyncio config,YES,WP-ASYNC-FIX
tests.test_u6h1_tenant_provisioning_service_skeleton::test_blocked_statuses_do_not_mutate[expired],TEST_FIXTURE_ISOLATION,Cluster A: RuntimeError no current event loop in thread MainThread — pytest asyncio config,YES,WP-ASYNC-FIX
tests.test_u6h1_tenant_provisioning_service_skeleton::test_blocked_statuses_do_not_mutate[failed],TEST_FIXTURE_ISOLATION,Cluster A: RuntimeError no current event loop in thread MainThread — pytest asyncio config,YES,WP-ASYNC-FIX
tests.test_u6h1_tenant_provisioning_service_skeleton::test_blocked_statuses_do_not_mutate[pending_email_verification],TEST_FIXTURE_ISOLATION,Cluster A: RuntimeError no current event loop in thread MainThread — pytest asyncio config,YES,WP-ASYNC-FIX
tests.test_u6h1_tenant_provisioning_service_skeleton::test_claim_has_no_schema_user_role_rbac_or_wholesaler_side_effects,TEST_FIXTURE_ISOLATION,Cluster A: RuntimeError no current event loop in thread MainThread — pytest asyncio config,YES,WP-ASYNC-FIX
tests.test_u6h1_tenant_provisioning_service_skeleton::test_email_verified_registration_can_be_claimed_and_becomes_provisioning,TEST_FIXTURE_ISOLATION,Cluster A: RuntimeError no current event loop in thread MainThread — pytest asyncio config,YES,WP-ASYNC-FIX
tests.test_u6h1_tenant_provisioning_service_skeleton::test_public_auth_routes_do_not_call_tenant_provisioning,TEST_FIXTURE_ISOLATION,Cluster A: RuntimeError no current event loop in thread MainThread — pytest asyncio config,YES,WP-ASYNC-FIX
tests.test_u6h1_tenant_provisioning_service_skeleton::test_rollback_leaves_claimed_registration_state_unchanged,TEST_FIXTURE_ISOLATION,Cluster A: RuntimeError no current event loop in thread MainThread — pytest asyncio config,YES,WP-ASYNC-FIX
tests.test_u6h1_tenant_provisioning_service_skeleton::test_service_uses_row_level_lock_and_does_not_log_sensitive_material,TEST_FIXTURE_ISOLATION,Cluster A: RuntimeError no current event loop in thread MainThread — pytest asyncio config,YES,WP-ASYNC-FIX
tests.test_u6h2_tenant_provisioning_wholesaler_schema::test_active_existing_registration_returns_idempotent_result,TEST_FIXTURE_ISOLATION,Cluster A: RuntimeError no current event loop in thread MainThread — pytest asyncio config,YES,WP-ASYNC-FIX
tests.test_u6h2_tenant_provisioning_wholesaler_schema::test_active_existing_with_missing_schema_is_not_treated_as_idempotent,TEST_FIXTURE_ISOLATION,Cluster A: RuntimeError no current event loop in thread MainThread — pytest asyncio config,YES,WP-ASYNC-FIX
tests.test_u6h2_tenant_provisioning_wholesaler_schema::test_bootstrap_failure_does_not_mark_active_or_completed,TEST_FIXTURE_ISOLATION,Cluster A: RuntimeError no current event loop in thread MainThread — pytest asyncio config,YES,WP-ASYNC-FIX
tests.test_u6h2_tenant_provisioning_wholesaler_schema::test_bootstrap_failure_message_does_not_persist_dsn_or_fake_password,TEST_FIXTURE_ISOLATION,Cluster A: RuntimeError no current event loop in thread MainThread — pytest asyncio config,YES,WP-ASYNC-FIX
tests.test_u6h2_tenant_provisioning_wholesaler_schema::test_duplicate_retry_creates_no_duplicate_wholesaler_or_schema_corruption,TEST_FIXTURE_ISOLATION,Cluster A: RuntimeError no current event loop in thread MainThread — pytest asyncio config,YES,WP-ASYNC-FIX
tests.test_u6h2_tenant_provisioning_wholesaler_schema::test_forbidden_wholesaler_api_crud_repository_and_bootstrap_files_are_untouched,TEST_FIXTURE_ISOLATION,Cluster A: RuntimeError no current event loop in thread MainThread — pytest asyncio config,YES,WP-ASYNC-FIX
tests.test_u6h2_tenant_provisioning_wholesaler_schema::test_non_provisioning_statuses_are_blocked_without_mutation[cancelled],TEST_FIXTURE_ISOLATION,Cluster A: RuntimeError no current event loop in thread MainThread — pytest asyncio config,YES,WP-ASYNC-FIX
tests.test_u6h2_tenant_provisioning_wholesaler_schema::test_non_provisioning_statuses_are_blocked_without_mutation[email_verified],TEST_FIXTURE_ISOLATION,Cluster A: RuntimeError no current event loop in thread MainThread — pytest asyncio config,YES,WP-ASYNC-FIX
tests.test_u6h2_tenant_provisioning_wholesaler_schema::test_non_provisioning_statuses_are_blocked_without_mutation[expired],TEST_FIXTURE_ISOLATION,Cluster A: RuntimeError no current event loop in thread MainThread — pytest asyncio config,YES,WP-ASYNC-FIX
tests.test_u6h2_tenant_provisioning_wholesaler_schema::test_non_provisioning_statuses_are_blocked_without_mutation[failed],TEST_FIXTURE_ISOLATION,Cluster A: RuntimeError no current event loop in thread MainThread — pytest asyncio config,YES,WP-ASYNC-FIX
tests.test_u6h2_tenant_provisioning_wholesaler_schema::test_non_provisioning_statuses_are_blocked_without_mutation[pending_email_verification],TEST_FIXTURE_ISOLATION,Cluster A: RuntimeError no current event loop in thread MainThread — pytest asyncio config,YES,WP-ASYNC-FIX
tests.test_u6h2_tenant_provisioning_wholesaler_schema::test_no_user_role_rbac_or_admin_rows_are_seeded_by_slice,TEST_FIXTURE_ISOLATION,Cluster A: RuntimeError no current event loop in thread MainThread — pytest asyncio config,YES,WP-ASYNC-FIX
tests.test_u6h2_tenant_provisioning_wholesaler_schema::test_provisioning_registration_creates_one_wholesaler_and_bootstrapped_schema,TEST_FIXTURE_ISOLATION,Cluster A: RuntimeError no current event loop in thread MainThread — pytest asyncio config,YES,WP-ASYNC-FIX
tests.test_u6h2_tenant_provisioning_wholesaler_schema::test_public_auth_routes_still_do_not_call_tenant_provisioning_service,TEST_FIXTURE_ISOLATION,Cluster A: RuntimeError no current event loop in thread MainThread — pytest asyncio config,YES,WP-ASYNC-FIX
tests.test_u6h3_tenant_provisioning_reconcile_cleanup::test_active_existing_remains_idempotent_after_reconcile,TEST_FIXTURE_ISOLATION,Cluster A: RuntimeError no current event loop in thread MainThread — pytest asyncio config,YES,WP-ASYNC-FIX
tests.test_u6h3_tenant_provisioning_reconcile_cleanup::test_complete_schema_for_provisioning_registration_completes_without_bootstrap_rerun,TEST_FIXTURE_ISOLATION,Cluster A: RuntimeError no current event loop in thread MainThread — pytest asyncio config,YES,WP-ASYNC-FIX
tests.test_u6h3_tenant_provisioning_reconcile_cleanup::test_first_attempt_partial_schema_failure_persists_retry_anchor_and_reconciles,TEST_FIXTURE_ISOLATION,Cluster A: RuntimeError no current event loop in thread MainThread — pytest asyncio config,YES,WP-ASYNC-FIX
tests.test_u6h3_tenant_provisioning_reconcile_cleanup::test_forbidden_wholesaler_api_crud_repository_and_bootstrap_files_are_untouched,TEST_FIXTURE_ISOLATION,Cluster A: RuntimeError no current event loop in thread MainThread — pytest asyncio config,YES,WP-ASYNC-FIX
tests.test_u6h3_tenant_provisioning_reconcile_cleanup::test_partial_schema_after_failure_reconciles_to_active_without_duplicate_wholesaler,TEST_FIXTURE_ISOLATION,Cluster A: RuntimeError no current event loop in thread MainThread — pytest asyncio config,YES,WP-ASYNC-FIX
tests.test_u6h3_tenant_provisioning_reconcile_cleanup::test_partial_schema_bootstrap_rerun_failure_stays_not_active_and_sanitized,TEST_FIXTURE_ISOLATION,Cluster A: RuntimeError no current event loop in thread MainThread — pytest asyncio config,YES,WP-ASYNC-FIX
tests.test_u6h3_tenant_provisioning_reconcile_cleanup::test_public_auth_routes_do_not_call_tenant_provisioning_service,TEST_FIXTURE_ISOLATION,Cluster A: RuntimeError no current event loop in thread MainThread — pytest asyncio config,YES,WP-ASYNC-FIX
tests.test_u6h3_tenant_provisioning_reconcile_cleanup::test_reconcile_seeds_no_user_role_rbac_or_admin_rows,TEST_FIXTURE_ISOLATION,Cluster A: RuntimeError no current event loop in thread MainThread — pytest asyncio config,YES,WP-ASYNC-FIX
tests.test_u6i0_owner_credential_setup_contract::test_branch_changes_only_contract_doc_and_static_test,SKELETON_TEST_RETIRED,Git diff-based contract test fails in detached worktree (branch changes assertion),NO,WP-SKELETON-WORKTREE
tests.test_u6i0_owner_credential_setup_contract::test_contract_locks_public_endpoint_disclosure_boundary,STALE_TEST_CONTRACT,Owner credential setup endpoint disclosure boundary assertion mismatch,YES,WP-STALE-ASSERT
tests.test_u6i0_owner_credential_setup_contract::test_no_runtime_code_files_changed_in_contract_branch,SKELETON_TEST_RETIRED,Git diff-based contract test fails in detached worktree (branch changes assertion),NO,WP-SKELETON-WORKTREE
tests.test_u6i1_owner_credential_setup_schema::test_alembic_head_is_owner_credential_setup_tokens,STALE_TEST_CONTRACT,Alembic head is 030 not 028; test expects owner_credential_setup_tokens as head,YES,WP-STALE-ASSERT
tests.test_u6i1_owner_credential_setup_schema::test_branch_changes_only_allowed_schema_foundation_files,SKELETON_TEST_RETIRED,Git diff-based contract test fails in detached worktree (branch changes assertion),NO,WP-SKELETON-WORKTREE
tests.test_u6i2_owner_credential_setup_token_issue::test_active_provisioned_registration_issues_hash_only_setup_token,TEST_FIXTURE_ISOLATION,Cluster A: RuntimeError no current event loop in thread MainThread — pytest asyncio config,YES,WP-ASYNC-FIX
tests.test_u6i2_owner_credential_setup_token_issue::test_active_registration_missing_provisioning_assignment_is_blocked[False-True-True],TEST_FIXTURE_ISOLATION,Cluster A: RuntimeError no current event loop in thread MainThread — pytest asyncio config,YES,WP-ASYNC-FIX
tests.test_u6i2_owner_credential_setup_token_issue::test_active_registration_missing_provisioning_assignment_is_blocked[True-False-True],TEST_FIXTURE_ISOLATION,Cluster A: RuntimeError no current event loop in thread MainThread — pytest asyncio config,YES,WP-ASYNC-FIX
tests.test_u6i2_owner_credential_setup_token_issue::test_active_registration_missing_provisioning_assignment_is_blocked[True-True-False],TEST_FIXTURE_ISOLATION,Cluster A: RuntimeError no current event loop in thread MainThread — pytest asyncio config,YES,WP-ASYNC-FIX
tests.test_u6i2_owner_credential_setup_token_issue::test_blocked_statuses_create_no_setup_token_rows[cancelled],TEST_FIXTURE_ISOLATION,Cluster A: RuntimeError no current event loop in thread MainThread — pytest asyncio config,YES,WP-ASYNC-FIX
tests.test_u6i2_owner_credential_setup_token_issue::test_blocked_statuses_create_no_setup_token_rows[email_verified],TEST_FIXTURE_ISOLATION,Cluster A: RuntimeError no current event loop in thread MainThread — pytest asyncio config,YES,WP-ASYNC-FIX
tests.test_u6i2_owner_credential_setup_token_issue::test_blocked_statuses_create_no_setup_token_rows[failed],TEST_FIXTURE_ISOLATION,Cluster A: RuntimeError no current event loop in thread MainThread — pytest asyncio config,YES,WP-ASYNC-FIX
tests.test_u6i2_owner_credential_setup_token_issue::test_blocked_statuses_create_no_setup_token_rows[provisioning],TEST_FIXTURE_ISOLATION,Cluster A: RuntimeError no current event loop in thread MainThread — pytest asyncio config,YES,WP-ASYNC-FIX
tests.test_u6i2_owner_credential_setup_token_issue::test_duplicate_issue_returns_existing_without_creating_second_active_token,TEST_FIXTURE_ISOLATION,Cluster A: RuntimeError no current event loop in thread MainThread — pytest asyncio config,YES,WP-ASYNC-FIX
tests.test_u6i2_owner_credential_setup_token_issue::test_expired_prior_token_allows_new_setup_token_issue,TEST_FIXTURE_ISOLATION,Cluster A: RuntimeError no current event loop in thread MainThread — pytest asyncio config,YES,WP-ASYNC-FIX
tests.test_u6i2_owner_credential_setup_token_issue::test_issue_service_creates_no_admin_rbac_or_business_data,TEST_FIXTURE_ISOLATION,Cluster A: RuntimeError no current event loop in thread MainThread — pytest asyncio config,YES,WP-ASYNC-FIX
tests.test_u6i2_owner_credential_setup_token_issue::test_no_public_endpoint_or_query_string_token_support,TEST_FIXTURE_ISOLATION,Cluster A: RuntimeError no current event loop in thread MainThread — pytest asyncio config,YES,WP-ASYNC-FIX
tests.test_u6i2_owner_credential_setup_token_issue::test_used_or_revoked_prior_token_allows_new_setup_token_issue[None-revoked_at1],TEST_FIXTURE_ISOLATION,Cluster A: RuntimeError no current event loop in thread MainThread — pytest asyncio config,YES,WP-ASYNC-FIX
tests.test_u6i2_owner_credential_setup_token_issue::test_used_or_revoked_prior_token_allows_new_setup_token_issue[used_at0-None],TEST_FIXTURE_ISOLATION,Cluster A: RuntimeError no current event loop in thread MainThread — pytest asyncio config,YES,WP-ASYNC-FIX
tests.test_u6i3_owner_credential_setup_consume::test_consume_service_has_no_endpoint_query_string_or_admin_creation_boundary,TEST_FIXTURE_ISOLATION,Cluster A: RuntimeError no current event loop in thread MainThread — pytest asyncio config,YES,WP-ASYNC-FIX
tests.test_u6i3_owner_credential_setup_consume::test_consume_valid_owner_setup_token_returns_admin_creation_inputs_without_persisting_password,TEST_FIXTURE_ISOLATION,Cluster A: RuntimeError no current event loop in thread MainThread — pytest asyncio config,YES,WP-ASYNC-FIX
tests.test_u6i3_owner_credential_setup_consume::test_consuming_used_token_twice_fails_neutrally_after_first_success,TEST_FIXTURE_ISOLATION,Cluster A: RuntimeError no current event loop in thread MainThread — pytest asyncio config,YES,WP-ASYNC-FIX
tests.test_u6i3_owner_credential_setup_consume::test_invalid_or_missing_raw_token_fails_neutrally[,TEST_FIXTURE_ISOLATION,Cluster A: RuntimeError no current event loop in thread MainThread — pytest asyncio config,YES,WP-ASYNC-FIX
tests.test_u6i3_owner_credential_setup_consume::test_invalid_or_missing_raw_token_fails_neutrally[],TEST_FIXTURE_ISOLATION,Cluster A: RuntimeError no current event loop in thread MainThread — pytest asyncio config,YES,WP-ASYNC-FIX
tests.test_u6i3_owner_credential_setup_consume::test_invalid_or_missing_raw_token_fails_neutrally[None],TEST_FIXTURE_ISOLATION,Cluster A: RuntimeError no current event loop in thread MainThread — pytest asyncio config,YES,WP-ASYNC-FIX
tests.test_u6i3_owner_credential_setup_consume::test_invalid_or_missing_raw_token_fails_neutrally[u6i3-missing-6e99fdb1a2cf4a7f9ee64d4212cd6c68],TEST_FIXTURE_ISOLATION,Cluster A: RuntimeError no current event loop in thread MainThread — pytest asyncio config,YES,WP-ASYNC-FIX
tests.test_u6i3_owner_credential_setup_consume::test_non_actionable_token_states_fail_neutrally[deleted],TEST_FIXTURE_ISOLATION,Cluster A: RuntimeError no current event loop in thread MainThread — pytest asyncio config,YES,WP-ASYNC-FIX
tests.test_u6i3_owner_credential_setup_consume::test_non_actionable_token_states_fail_neutrally[expired],TEST_FIXTURE_ISOLATION,Cluster A: RuntimeError no current event loop in thread MainThread — pytest asyncio config,YES,WP-ASYNC-FIX
tests.test_u6i3_owner_credential_setup_consume::test_non_actionable_token_states_fail_neutrally[revoked],TEST_FIXTURE_ISOLATION,Cluster A: RuntimeError no current event loop in thread MainThread — pytest asyncio config,YES,WP-ASYNC-FIX
tests.test_u6i3_owner_credential_setup_consume::test_non_actionable_token_states_fail_neutrally[used],TEST_FIXTURE_ISOLATION,Cluster A: RuntimeError no current event loop in thread MainThread — pytest asyncio config,YES,WP-ASYNC-FIX
tests.test_u6i3_owner_credential_setup_consume::test_wrong_purpose_token_fails_neutrally,TEST_FIXTURE_ISOLATION,Cluster A: RuntimeError no current event loop in thread MainThread — pytest asyncio config,YES,WP-ASYNC-FIX
tests.test_u6i4_first_admin_rbac_creation::test_create_first_admin_user_role_permissions_and_mappings,TEST_FIXTURE_ISOLATION,Cluster A: RuntimeError no current event loop in thread MainThread — pytest asyncio config,YES,WP-ASYNC-FIX
tests.test_u6i4_first_admin_rbac_creation::test_cross_tenant_isolation_only_writes_requested_schema,TEST_FIXTURE_ISOLATION,Cluster A: RuntimeError no current event loop in thread MainThread — pytest asyncio config,YES,WP-ASYNC-FIX
tests.test_u6i4_first_admin_rbac_creation::test_fail_closed_for_missing_absent_invalid_schema_or_missing_hash[setup0],TEST_FIXTURE_ISOLATION,Cluster A: RuntimeError no current event loop in thread MainThread — pytest asyncio config,YES,WP-ASYNC-FIX
tests.test_u6i4_first_admin_rbac_creation::test_fail_closed_for_missing_absent_invalid_schema_or_missing_hash[setup1],TEST_FIXTURE_ISOLATION,Cluster A: RuntimeError no current event loop in thread MainThread — pytest asyncio config,YES,WP-ASYNC-FIX
tests.test_u6i4_first_admin_rbac_creation::test_fail_closed_for_missing_absent_invalid_schema_or_missing_hash[setup2],TEST_FIXTURE_ISOLATION,Cluster A: RuntimeError no current event loop in thread MainThread — pytest asyncio config,YES,WP-ASYNC-FIX
tests.test_u6i4_first_admin_rbac_creation::test_fail_closed_for_missing_absent_invalid_schema_or_missing_hash[setup3],TEST_FIXTURE_ISOLATION,Cluster A: RuntimeError no current event loop in thread MainThread — pytest asyncio config,YES,WP-ASYNC-FIX
tests.test_u6i4_first_admin_rbac_creation::test_first_admin_creation_is_idempotent_without_duplicate_rbac,TEST_FIXTURE_ISOLATION,Cluster A: RuntimeError no current event loop in thread MainThread — pytest asyncio config,YES,WP-ASYNC-FIX
tests.test_u6i4_first_admin_rbac_creation::test_no_public_endpoint_placeholder_password_or_provisioning_behavior_change,TEST_FIXTURE_ISOLATION,Cluster A: RuntimeError no current event loop in thread MainThread — pytest asyncio config,YES,WP-ASYNC-FIX
tests.test_u6i4_first_admin_rbac_creation::test_reconciles_existing_owner_user_with_provided_hash_and_missing_rbac,TEST_FIXTURE_ISOLATION,Cluster A: RuntimeError no current event loop in thread MainThread — pytest asyncio config,YES,WP-ASYNC-FIX
tests.test_u6i5_owner_credential_setup_endpoint::test_duplicate_setup_is_idempotent,TEST_FIXTURE_ISOLATION,Cluster A: RuntimeError no current event loop in thread MainThread — pytest asyncio config,YES,WP-ASYNC-FIX
tests.test_u6i5_owner_credential_setup_endpoint::test_expired_token_returns_neutral_error_and_no_admin_created,TEST_FIXTURE_ISOLATION,Cluster A: RuntimeError no current event loop in thread MainThread — pytest asyncio config,YES,WP-ASYNC-FIX
tests.test_u6i5_owner_credential_setup_endpoint::test_get_setup_credential_rejected,TEST_FIXTURE_ISOLATION,Cluster A: RuntimeError no current event loop in thread MainThread — pytest asyncio config,YES,WP-ASYNC-FIX
tests.test_u6i5_owner_credential_setup_endpoint::test_invalid_or_missing_token_returns_neutral_error,TEST_FIXTURE_ISOLATION,Cluster A: RuntimeError no current event loop in thread MainThread — pytest asyncio config,YES,WP-ASYNC-FIX
tests.test_u6i5_owner_credential_setup_endpoint::test_no_query_string_token_support,TEST_FIXTURE_ISOLATION,Cluster A: RuntimeError no current event loop in thread MainThread — pytest asyncio config,YES,WP-ASYNC-FIX
tests.test_u6i5_owner_credential_setup_endpoint::test_replay_with_different_password_does_not_change_password_hash,TEST_FIXTURE_ISOLATION,Cluster A: RuntimeError no current event loop in thread MainThread — pytest asyncio config,YES,WP-ASYNC-FIX
tests.test_u6i5_owner_credential_setup_endpoint::test_response_never_exposes_sensitive_data,TEST_FIXTURE_ISOLATION,Cluster A: RuntimeError no current event loop in thread MainThread — pytest asyncio config,YES,WP-ASYNC-FIX
tests.test_u6i5_owner_credential_setup_endpoint::test_setup_credential_succeeds_for_valid_token_and_password,TEST_FIXTURE_ISOLATION,Cluster A: RuntimeError no current event loop in thread MainThread — pytest asyncio config,YES,WP-ASYNC-FIX
tests.test_u6i5_owner_credential_setup_endpoint::test_tenant_isolation_only_writes_requested_schema,TEST_FIXTURE_ISOLATION,Cluster A: RuntimeError no current event loop in thread MainThread — pytest asyncio config,YES,WP-ASYNC-FIX
tests.test_u6i5_owner_credential_setup_endpoint::test_used_token_returns_neutral_error,TEST_FIXTURE_ISOLATION,Cluster A: RuntimeError no current event loop in thread MainThread — pytest asyncio config,YES,WP-ASYNC-FIX
tests.test_u6i6_onboarding_e2e_closeout::test_full_owner_onboarding_backend_chain_proves_hash_only_tokens_and_admin_rbac,TEST_FIXTURE_ISOLATION,Cluster A: RuntimeError no current event loop in thread MainThread — pytest asyncio config,YES,WP-ASYNC-FIX
tests.test_u6k_production_smtp_email_delivery::test_duplicate_live_email_in_production_is_neutral_and_sends_no_extra_smtp,TEST_FIXTURE_ISOLATION,Cluster A: RuntimeError no current event loop in thread MainThread — pytest asyncio config,YES,WP-ASYNC-FIX
tests.test_u6k_production_smtp_email_delivery::test_production_missing_smtp_config_returns_503_and_writes_no_rows,TEST_FIXTURE_ISOLATION,Cluster A: RuntimeError no current event loop in thread MainThread — pytest asyncio config,YES,WP-ASYNC-FIX
tests.test_u6k_production_smtp_email_delivery::test_production_smtp_send_failure_rolls_back_registration_and_token,TEST_FIXTURE_ISOLATION,Cluster A: RuntimeError no current event loop in thread MainThread — pytest asyncio config,YES,WP-ASYNC-FIX
tests.test_u6k_production_smtp_email_delivery::test_production_smtp_success_creates_hash_only_registration_and_token,TEST_FIXTURE_ISOLATION,Cluster A: RuntimeError no current event loop in thread MainThread — pytest asyncio config,YES,WP-ASYNC-FIX
tests.test_u6k_production_smtp_email_delivery::test_test_environment_still_uses_dev_sink_without_smtp,TEST_FIXTURE_ISOLATION,Cluster A: RuntimeError no current event loop in thread MainThread — pytest asyncio config,YES,WP-ASYNC-FIX
tests.test_u6l_email_verified_onboarding_orchestration::test_emailed_setup_token_can_create_first_admin_rbac_and_status_is_public_active,TEST_FIXTURE_ISOLATION,Cluster A: RuntimeError no current event loop in thread MainThread — pytest asyncio config,YES,WP-ASYNC-FIX
tests.test_u6l_email_verified_onboarding_orchestration::test_production_missing_owner_setup_smtp_config_fails_closed,TEST_FIXTURE_ISOLATION,Cluster A: RuntimeError no current event loop in thread MainThread — pytest asyncio config,YES,WP-ASYNC-FIX
tests.test_u6l_email_verified_onboarding_orchestration::test_production_owner_setup_smtp_failure_fails_closed_with_retry_anchor,TEST_FIXTURE_ISOLATION,Cluster A: RuntimeError no current event loop in thread MainThread — pytest asyncio config,YES,WP-ASYNC-FIX
tests.test_u6l_email_verified_onboarding_orchestration::test_real_bootstrap_owner_setup_smtp_failure_persists_anchor_and_retry_reconciles,TEST_FIXTURE_ISOLATION,Cluster A: RuntimeError no current event loop in thread MainThread — pytest asyncio config,YES,WP-ASYNC-FIX
tests.test_u6l_email_verified_onboarding_orchestration::test_repeated_internal_orchestration_does_not_duplicate_tenant_token_or_admin_rows,TEST_FIXTURE_ISOLATION,Cluster A: RuntimeError no current event loop in thread MainThread — pytest asyncio config,YES,WP-ASYNC-FIX
tests.test_u6l_email_verified_onboarding_orchestration::test_reused_verification_token_remains_neutral_and_does_not_duplicate_orchestration,TEST_FIXTURE_ISOLATION,Cluster A: RuntimeError no current event loop in thread MainThread — pytest asyncio config,YES,WP-ASYNC-FIX
tests.test_u6l_email_verified_onboarding_orchestration::test_verify_email_provisions_tenant_issues_setup_token_and_sends_owner_email,TEST_FIXTURE_ISOLATION,Cluster A: RuntimeError no current event loop in thread MainThread — pytest asyncio config,YES,WP-ASYNC-FIX
tests.test_users_roles_api.TestCrossTenantDenial::test_assign_roles_cross_tenant_not_found,TEST_FIXTURE_ISOLATION,Cluster A: RuntimeError no current event loop in thread MainThread — pytest asyncio config,YES,WP-ASYNC-FIX
tests.test_users_roles_api.TestCrossTenantDenial::test_delete_user_cross_tenant_not_found,TEST_FIXTURE_ISOLATION,Cluster A: RuntimeError no current event loop in thread MainThread — pytest asyncio config,YES,WP-ASYNC-FIX
tests.test_users_roles_api.TestCrossTenantDenial::test_get_user_cross_tenant_not_found,TEST_FIXTURE_ISOLATION,Cluster A: RuntimeError no current event loop in thread MainThread — pytest asyncio config,YES,WP-ASYNC-FIX
tests.test_users_roles_api.TestCrossTenantDenial::test_tenant_isolation_via_search_path,TEST_FIXTURE_ISOLATION,Cluster A: RuntimeError no current event loop in thread MainThread — pytest asyncio config,YES,WP-ASYNC-FIX
tests.test_users_roles_api.TestCrossTenantDenial::test_update_user_cross_tenant_not_found,TEST_FIXTURE_ISOLATION,Cluster A: RuntimeError no current event loop in thread MainThread — pytest asyncio config,YES,WP-ASYNC-FIX
tests.test_users_roles_api.TestEdgeCases::test_assign_invalid_role_id,TEST_FIXTURE_ISOLATION,Cluster A: RuntimeError no current event loop in thread MainThread — pytest asyncio config,YES,WP-ASYNC-FIX
tests.test_users_roles_api.TestEdgeCases::test_create_user_duplicate_email,TEST_FIXTURE_ISOLATION,Cluster A: RuntimeError no current event loop in thread MainThread — pytest asyncio config,YES,WP-ASYNC-FIX
tests.test_users_roles_api.TestEdgeCases::test_delete_self_prevented,TEST_FIXTURE_ISOLATION,Cluster A: RuntimeError no current event loop in thread MainThread — pytest asyncio config,YES,WP-ASYNC-FIX
tests.test_users_roles_api.TestEdgeCases::test_get_user_invalid_uuid,TEST_FIXTURE_ISOLATION,Cluster A: RuntimeError no current event loop in thread MainThread — pytest asyncio config,YES,WP-ASYNC-FIX
tests.test_users_roles_api.TestEdgeCases::test_update_user_duplicate_email,TEST_FIXTURE_ISOLATION,Cluster A: RuntimeError no current event loop in thread MainThread — pytest asyncio config,YES,WP-ASYNC-FIX
tests.test_users_roles_api.TestRBACDenial::test_assign_roles_without_permission_denied,TEST_FIXTURE_ISOLATION,Cluster A: RuntimeError no current event loop in thread MainThread — pytest asyncio config,YES,WP-ASYNC-FIX
tests.test_users_roles_api.TestRBACDenial::test_create_user_without_permission_denied,TEST_FIXTURE_ISOLATION,Cluster A: RuntimeError no current event loop in thread MainThread — pytest asyncio config,YES,WP-ASYNC-FIX
tests.test_users_roles_api.TestRBACDenial::test_delete_user_without_permission_denied,TEST_FIXTURE_ISOLATION,Cluster A: RuntimeError no current event loop in thread MainThread — pytest asyncio config,YES,WP-ASYNC-FIX
tests.test_users_roles_api.TestRBACDenial::test_list_roles_without_permission_denied,TEST_FIXTURE_ISOLATION,Cluster A: RuntimeError no current event loop in thread MainThread — pytest asyncio config,YES,WP-ASYNC-FIX
tests.test_users_roles_api.TestRBACDenial::test_list_users_without_permission_denied,TEST_FIXTURE_ISOLATION,Cluster A: RuntimeError no current event loop in thread MainThread — pytest asyncio config,YES,WP-ASYNC-FIX
tests.test_users_roles_api.TestRBACDenial::test_update_user_without_permission_denied,TEST_FIXTURE_ISOLATION,Cluster A: RuntimeError no current event loop in thread MainThread — pytest asyncio config,YES,WP-ASYNC-FIX
tests.test_users_roles_api.TestRolesAPIHappyPath::test_list_roles_success,TEST_FIXTURE_ISOLATION,Cluster A: RuntimeError no current event loop in thread MainThread — pytest asyncio config,YES,WP-ASYNC-FIX
tests.test_users_roles_api.TestUsersAPIHappyPath::test_assign_roles_success,TEST_FIXTURE_ISOLATION,Cluster A: RuntimeError no current event loop in thread MainThread — pytest asyncio config,YES,WP-ASYNC-FIX
tests.test_users_roles_api.TestUsersAPIHappyPath::test_create_user_success,TEST_FIXTURE_ISOLATION,Cluster A: RuntimeError no current event loop in thread MainThread — pytest asyncio config,YES,WP-ASYNC-FIX
tests.test_users_roles_api.TestUsersAPIHappyPath::test_delete_user_success,TEST_FIXTURE_ISOLATION,Cluster A: RuntimeError no current event loop in thread MainThread — pytest asyncio config,YES,WP-ASYNC-FIX
tests.test_users_roles_api.TestUsersAPIHappyPath::test_get_user_by_id_success,TEST_FIXTURE_ISOLATION,Cluster A: RuntimeError no current event loop in thread MainThread — pytest asyncio config,YES,WP-ASYNC-FIX
tests.test_users_roles_api.TestUsersAPIHappyPath::test_list_users_success,TEST_FIXTURE_ISOLATION,Cluster A: RuntimeError no current event loop in thread MainThread — pytest asyncio config,YES,WP-ASYNC-FIX
tests.test_users_roles_api.TestUsersAPIHappyPath::test_update_user_success,TEST_FIXTURE_ISOLATION,Cluster A: RuntimeError no current event loop in thread MainThread — pytest asyncio config,YES,WP-ASYNC-FIX
